datetime,hour,day_of_week,day_of_year,is_weekend,sin_hour,cos_hour,sin_day_of_week,cos_day_of_week,solar_presence,external_temperature,relative_humidity,solar_radiation,wind_speed,dew_point,weather_condition,temperature_humidity_index
01-06-2024 00:00,0,3,152,FALSE,0,1,0.433883739,-0.900968868,FALSE,23.7,59.6,0,2,15.6,Sunny,21.7
01-06-2024 01:00,1,3,152,FALSE,0.258819045,0.965925826,0.433883739,-0.900968868,FALSE,24.8,71.4,0,2.26,19.1,Sunny,23.2
01-06-2024 02:00,2,3,152,FALSE,0.5,0.866025404,0.433883739,-0.900968868,FALSE,26.2,61.3,0,1.8,18.5,Cloudy,23.7
01-06-2024 03:00,3,3,152,FALSE,0.707106781,0.707106781,0.433883739,-0.900968868,FALSE,27.9,55.3,0,3.32,19,Sunny,24.6
01-06-2024 04:00,4,3,152,FALSE,0.866025404,0.5,0.433883739,-0.900968868,FALSE,29.7,63.8,0,2.53,22.5,Sunny,26.7
01-06-2024 05:00,5,3,152,FALSE,0.965925826,0.258819045,0.433883739,-0.900968868,FALSE,31.6,52.6,0,2.88,22.1,Sunny,27.1
01-06-2024 06:00,6,3,152,FALSE,1,6.12E-17,0.433883739,-0.900968868,TRUE,33.2,58.9,17.5,3.03,24,Sunny,29
01-06-2024 07:00,7,3,152,FALSE,0.965925826,-0.258819045,0.433883739,-0.900968868,TRUE,34.7,47.4,45.7,3.68,24,Sunny,28.9
01-06-2024 08:00,8,3,152,FALSE,0.866025404,-0.5,0.433883739,-0.900968868,TRUE,35.8,50,118.4,3.14,24,Sunny,29.9
01-06-2024 09:00,9,3,152,FALSE,0.707106781,-0.707106781,0.433883739,-0.900968868,TRUE,36.5,57.2,283.4,2.22,24,Cloudy,31.3
01-06-2024 10:00,10,3,152,FALSE,0.5,-0.866025404,0.433883739,-0.900968868,TRUE,36.7,59.8,384.5,3.82,24,Cloudy,31.8
01-06-2024 11:00,11,3,152,FALSE,0.258819045,-0.965925826,0.433883739,-0.900968868,TRUE,36.5,57.1,627.1,3.19,24,Sunny,31.3
01-06-2024 12:00,12,3,152,FALSE,1.22E-16,-1,0.433883739,-0.900968868,TRUE,35.8,56,796,3.44,24,Rainy,30.6
01-06-2024 13:00,13,3,152,FALSE,-0.258819045,-0.965925826,0.433883739,-0.900968868,TRUE,34.7,55.6,896,4.44,24,Sunny,29.8
01-06-2024 14:00,14,3,152,FALSE,-0.5,-0.866025404,0.433883739,-0.900968868,TRUE,33.2,50.5,787,4.99,23.3,Sunny,28.1
01-06-2024 15:00,15,3,152,FALSE,-0.707106781,-0.707106781,0.433883739,-0.900968868,TRUE,31.6,55.1,580.9,3.98,22.6,Rainy,27.4
01-06-2024 16:00,16,3,152,FALSE,-0.866025404,-0.5,0.433883739,-0.900968868,TRUE,29.7,57.3,440.3,4.11,21.2,Sunny,26.1
01-06-2024 17:00,17,3,152,FALSE,-0.965925826,-0.258819045,0.433883739,-0.900968868,TRUE,27.9,65.8,255.3,5.07,21.1,Rainy,25.4
01-06-2024 18:00,18,3,152,FALSE,-1,-1.84E-16,0.433883739,-0.900968868,TRUE,26.2,63.1,127.5,3.69,18.8,Sunny,23.8
01-06-2024 19:00,19,3,152,FALSE,-0.965925826,0.258819045,0.433883739,-0.900968868,FALSE,24.8,53.3,0,5.34,15.5,Sunny,22.2
01-06-2024 20:00,20,3,152,FALSE,-0.866025404,0.5,0.433883739,-0.900968868,FALSE,23.7,64.3,0,3.45,16.6,Sunny,21.9
01-06-2024 21:00,21,3,152,FALSE,-0.707106781,0.707106781,0.433883739,-0.900968868,FALSE,23,61.1,0,1.33,15.2,Cloudy,21.2
01-06-2024 22:00,22,3,152,FALSE,-0.5,0.866025404,0.433883739,-0.900968868,FALSE,22.7,59.8,0,3.1,14.7,Cloudy,20.9
01-06-2024 23:00,23,3,152,FALSE,-0.258819045,0.965925826,0.433883739,-0.900968868,FALSE,23,66.1,0,2.6,16.2,Cloudy,21.4
02-06-2024 00:00,0,4,153,FALSE,0,1,-0.433883739,-0.900968868,FALSE,22.7,68.3,0,3.17,16.4,Sunny,21.3
02-06-2024 01:00,1,4,153,FALSE,0.258819045,0.965925826,-0.433883739,-0.900968868,FALSE,23.8,67.3,0,2.57,17.3,Sunny,22.1
02-06-2024 02:00,2,4,153,FALSE,0.5,0.866025404,-0.433883739,-0.900968868,FALSE,25.3,57.7,0,1.89,16.8,Sunny,22.8
02-06-2024 03:00,3,4,153,FALSE,0.707106781,0.707106781,-0.433883739,-0.900968868,FALSE,27,59.5,0,1.05,18.9,Sunny,24.2
02-06-2024 04:00,4,4,153,FALSE,0.866025404,0.5,-0.433883739,-0.900968868,FALSE,28.8,61.8,0,1.97,21.2,Rainy,25.8
02-06-2024 05:00,5,4,153,FALSE,0.965925826,0.258819045,-0.433883739,-0.900968868,FALSE,30.6,64.1,0,1.61,23.4,Sunny,27.4
02-06-2024 06:00,6,4,153,FALSE,1,6.12E-17,-0.433883739,-0.900968868,TRUE,32.3,56,17.7,4.44,23.5,Cloudy,28
02-06-2024 07:00,7,4,153,FALSE,0.965925826,-0.258819045,-0.433883739,-0.900968868,TRUE,33.7,56.7,49.2,3.21,24,Cloudy,29.1
02-06-2024 08:00,8,4,153,FALSE,0.866025404,-0.5,-0.433883739,-0.900968868,TRUE,34.9,51.5,105.5,4.34,24,Sunny,29.5
02-06-2024 09:00,9,4,153,FALSE,0.707106781,-0.707106781,-0.433883739,-0.900968868,TRUE,35.6,50.7,231.3,3.57,24,Cloudy,29.9
02-06-2024 10:00,10,4,153,FALSE,0.5,-0.866025404,-0.433883739,-0.900968868,TRUE,35.8,60.7,439.1,2.54,24,Sunny,31.2
02-06-2024 11:00,11,4,153,FALSE,0.258819045,-0.965925826,-0.433883739,-0.900968868,TRUE,35.6,63.5,677.9,4.06,24,Sunny,31.4
02-06-2024 12:00,12,4,153,FALSE,1.22E-16,-1,-0.433883739,-0.900968868,TRUE,34.9,56.7,848.1,4.82,24,Sunny,30
02-06-2024 13:00,13,4,153,FALSE,-0.258819045,-0.965925826,-0.433883739,-0.900968868,TRUE,33.7,62.7,865.3,3.48,24,Sunny,29.8
02-06-2024 14:00,14,4,153,FALSE,-0.5,-0.866025404,-0.433883739,-0.900968868,TRUE,32.3,60.2,821.5,3.89,24,Sunny,28.4
02-06-2024 15:00,15,4,153,FALSE,-0.707106781,-0.707106781,-0.433883739,-0.900968868,TRUE,30.6,56,613.3,3.98,21.8,Sunny,26.7
02-06-2024 16:00,16,4,153,FALSE,-0.866025404,-0.5,-0.433883739,-0.900968868,TRUE,28.8,61.9,435.3,3.24,21.2,Sunny,25.8
02-06-2024 17:00,17,4,153,FALSE,-0.965925826,-0.258819045,-0.433883739,-0.900968868,TRUE,27,68.7,252.2,4.23,20.7,Sunny,24.8
02-06-2024 18:00,18,4,153,FALSE,-1,-1.84E-16,-0.433883739,-0.900968868,TRUE,25.3,61.7,132.3,3.4,17.6,Cloudy,23
02-06-2024 19:00,19,4,153,FALSE,-0.965925826,0.258819045,-0.433883739,-0.900968868,FALSE,23.8,70.4,0,3.59,17.9,Cloudy,22.3
02-06-2024 20:00,20,4,153,FALSE,-0.866025404,0.5,-0.433883739,-0.900968868,FALSE,22.7,50.1,0,2.29,14,Sunny,20.4
02-06-2024 21:00,21,4,153,FALSE,-0.707106781,0.707106781,-0.433883739,-0.900968868,FALSE,22,67.6,0,2.39,15.5,Sunny,20.7
02-06-2024 22:00,22,4,153,FALSE,-0.5,0.866025404,-0.433883739,-0.900968868,FALSE,21.8,64,0,3.08,14.6,Cloudy,20.4
02-06-2024 23:00,23,4,153,FALSE,-0.258819045,0.965925826,-0.433883739,-0.900968868,FALSE,22,62,0,1.99,14.4,Sunny,20.4
03-06-2024 00:00,0,5,154,TRUE,0,1,-0.974927912,-0.222520934,FALSE,23.9,63,0,3.52,16.5,Cloudy,22
03-06-2024 01:00,1,5,154,TRUE,0.258819045,0.965925826,-0.974927912,-0.222520934,FALSE,25,52.1,0,1.71,15.4,Sunny,22.2
03-06-2024 02:00,2,5,154,TRUE,0.5,0.866025404,-0.974927912,-0.222520934,FALSE,26.5,60.2,0,2.18,18.5,Sunny,23.9
03-06-2024 03:00,3,5,154,TRUE,0.707106781,0.707106781,-0.974927912,-0.222520934,FALSE,28.2,62.2,0,2.78,20.6,Sunny,25.4
03-06-2024 04:00,4,5,154,TRUE,0.866025404,0.5,-0.974927912,-0.222520934,FALSE,30,66.9,0,1,23.4,Sunny,27.2
03-06-2024 05:00,5,5,154,TRUE,0.965925826,0.258819045,-0.974927912,-0.222520934,FALSE,31.8,56,0,1,23,Cloudy,27.6
03-06-2024 06:00,6,5,154,TRUE,1,6.12E-17,-0.974927912,-0.222520934,TRUE,33.5,53.7,18.4,1.28,24,Sunny,28.7
03-06-2024 07:00,7,5,154,TRUE,0.965925826,-0.258819045,-0.974927912,-0.222520934,TRUE,34.9,54.5,53.2,3.75,24,Cloudy,29.8
03-06-2024 08:00,8,5,154,TRUE,0.866025404,-0.5,-0.974927912,-0.222520934,TRUE,36,61.1,113.3,2.56,24,Cloudy,31.4
03-06-2024 09:00,9,5,154,TRUE,0.707106781,-0.707106781,-0.974927912,-0.222520934,TRUE,36.7,57.8,244.1,5.31,24,Sunny,31.5
03-06-2024 10:00,10,5,154,TRUE,0.5,-0.866025404,-0.974927912,-0.222520934,TRUE,37,53.4,392.9,3.05,24,Cloudy,31.2
03-06-2024 11:00,11,5,154,TRUE,0.258819045,-0.965925826,-0.974927912,-0.222520934,TRUE,36.7,58.7,652,3.85,24,Sunny,31.7
03-06-2024 12:00,12,5,154,TRUE,1.22E-16,-1,-0.974927912,-0.222520934,TRUE,36,57,783.9,5.1,24,Sunny,30.9
03-06-2024 13:00,13,5,154,TRUE,-0.258819045,-0.965925826,-0.974927912,-0.222520934,TRUE,34.9,61.9,828.3,5.57,24,Cloudy,30.6
03-06-2024 14:00,14,5,154,TRUE,-0.5,-0.866025404,-0.974927912,-0.222520934,TRUE,33.5,54.2,823.3,5.65,24,Sunny,28.7
03-06-2024 15:00,15,5,154,TRUE,-0.707106781,-0.707106781,-0.974927912,-0.222520934,TRUE,31.8,57,655.2,4.93,23.2,Sunny,27.7
03-06-2024 16:00,16,5,154,TRUE,-0.866025404,-0.5,-0.974927912,-0.222520934,TRUE,30,57.5,412.7,4.69,21.5,Sunny,26.4
03-06-2024 17:00,17,5,154,TRUE,-0.965925826,-0.258819045,-0.974927912,-0.222520934,TRUE,28.2,53.1,231.8,4.18,18.8,Sunny,24.7
03-06-2024 18:00,18,5,154,TRUE,-1,-1.84E-16,-0.974927912,-0.222520934,TRUE,26.5,62.7,127.7,4.12,19,Cloudy,24
03-06-2024 19:00,19,5,154,TRUE,-0.965925826,0.258819045,-0.974927912,-0.222520934,FALSE,25,63.3,0,2.82,17.7,Cloudy,22.9
03-06-2024 20:00,20,5,154,TRUE,-0.866025404,0.5,-0.974927912,-0.222520934,FALSE,23.9,62.6,0,2.35,16.4,Cloudy,22
03-06-2024 21:00,21,5,154,TRUE,-0.707106781,0.707106781,-0.974927912,-0.222520934,FALSE,23.2,61.7,0,2.74,15.5,Cloudy,21.4
03-06-2024 22:00,22,5,154,TRUE,-0.5,0.866025404,-0.974927912,-0.222520934,FALSE,23,55.9,0,2.36,14.2,Sunny,20.9
03-06-2024 23:00,23,5,154,TRUE,-0.258819045,0.965925826,-0.974927912,-0.222520934,FALSE,23.2,60.8,0,5.39,15.4,Sunny,21.3
04-06-2024 00:00,0,6,155,TRUE,0,1,-0.781831482,0.623489802,FALSE,25.2,60.2,0,2.69,17.2,Sunny,22.9
04-06-2024 01:00,1,6,155,TRUE,0.258819045,0.965925826,-0.781831482,0.623489802,FALSE,26.3,57.3,0,2.8,17.8,Sunny,23.5
04-06-2024 02:00,2,6,155,TRUE,0.5,0.866025404,-0.781831482,0.623489802,FALSE,27.8,59.8,0,2.07,19.8,Sunny,24.9
04-06-2024 03:00,3,6,155,TRUE,0.707106781,0.707106781,-0.781831482,0.623489802,FALSE,29.5,61.8,0,3.22,21.9,Rainy,26.3
04-06-2024 04:00,4,6,155,TRUE,0.866025404,0.5,-0.781831482,0.623489802,FALSE,31.3,68.3,0,1.22,24,Sunny,28.4
04-06-2024 05:00,5,6,155,TRUE,0.965925826,0.258819045,-0.781831482,0.623489802,FALSE,33.1,58.8,0,2.14,24,Sunny,28.9
04-06-2024 06:00,6,6,155,TRUE,1,6.12E-17,-0.781831482,0.623489802,TRUE,34.8,58.4,18.9,1.93,24,Sunny,30.2
04-06-2024 07:00,7,6,155,TRUE,0.965925826,-0.258819045,-0.781831482,0.623489802,TRUE,36.2,56,48.4,1.25,24,Cloudy,30.9
04-06-2024 08:00,8,6,155,TRUE,0.866025404,-0.5,-0.781831482,0.623489802,TRUE,37.3,46.3,126.8,2.93,24,Cloudy,30.6
04-06-2024 09:00,9,6,155,TRUE,0.707106781,-0.707106781,-0.781831482,0.623489802,TRUE,38,55.4,237.8,3.16,24,Sunny,32.2
04-06-2024 10:00,10,6,155,TRUE,0.5,-0.866025404,-0.781831482,0.623489802,TRUE,38.3,55.7,464.6,4.71,24,Sunny,32.5
04-06-2024 11:00,11,6,155,TRUE,0.258819045,-0.965925826,-0.781831482,0.623489802,TRUE,38,67.8,614.8,4.21,24,Cloudy,33.8
04-06-2024 12:00,12,6,155,TRUE,1.22E-16,-1,-0.781831482,0.623489802,TRUE,37.3,54.9,776.2,3.05,24,Sunny,31.6
04-06-2024 13:00,13,6,155,TRUE,-0.258819045,-0.965925826,-0.781831482,0.623489802,TRUE,36.2,57.9,787.7,5.45,24,Sunny,31.2
04-06-2024 14:00,14,6,155,TRUE,-0.5,-0.866025404,-0.781831482,0.623489802,TRUE,34.8,56.9,729.6,4.98,24,Cloudy,30
04-06-2024 15:00,15,6,155,TRUE,-0.707106781,-0.707106781,-0.781831482,0.623489802,TRUE,33.1,52.1,625.4,4.43,23.5,Cloudy,28.2
04-06-2024 16:00,16,6,155,TRUE,-0.866025404,-0.5,-0.781831482,0.623489802,TRUE,31.3,64.6,443.5,3.68,24,Sunny,28
04-06-2024 17:00,17,6,155,TRUE,-0.965925826,-0.258819045,-0.781831482,0.623489802,TRUE,29.5,63.5,270.1,2.94,22.2,Cloudy,26.5
04-06-2024 18:00,18,6,155,TRUE,-1,-1.84E-16,-0.781831482,0.623489802,TRUE,27.8,64.6,117.5,3.2,20.7,Cloudy,25.2
04-06-2024 19:00,19,6,155,TRUE,-0.965925826,0.258819045,-0.781831482,0.623489802,FALSE,26.3,56.8,0,4.13,17.7,Sunny,23.5
04-06-2024 20:00,20,6,155,TRUE,-0.866025404,0.5,-0.781831482,0.623489802,FALSE,25.2,68.9,0,4.51,19,Rainy,23.4
04-06-2024 21:00,21,6,155,TRUE,-0.707106781,0.707106781,-0.781831482,0.623489802,FALSE,24.5,55.2,0,3.98,15.5,Cloudy,22
04-06-2024 22:00,22,6,155,TRUE,-0.5,0.866025404,-0.781831482,0.623489802,FALSE,24.3,65.3,0,2.11,17.4,Cloudy,22.4
04-06-2024 23:00,23,6,155,TRUE,-0.258819045,0.965925826,-0.781831482,0.623489802,FALSE,24.5,73.2,0,1.4,19.1,Cloudy,23
05-06-2024 00:00,0,0,156,FALSE,0,1,0,1,FALSE,22.6,58.2,0,2.25,14.2,Sunny,20.7
05-06-2024 01:00,1,0,156,FALSE,0.258819045,0.965925826,0,1,FALSE,23.7,59.8,0,1,15.7,Sunny,21.7
05-06-2024 02:00,2,0,156,FALSE,0.5,0.866025404,0,1,FALSE,25.1,62.4,0,2.26,17.6,Sunny,22.9
05-06-2024 03:00,3,0,156,FALSE,0.707106781,0.707106781,0,1,FALSE,26.8,58.6,0,1.92,18.5,Sunny,24
05-06-2024 04:00,4,0,156,FALSE,0.866025404,0.5,0,1,FALSE,28.6,52.4,0,1.76,19.1,Sunny,24.9
05-06-2024 05:00,5,0,156,FALSE,0.965925826,0.258819045,0,1,FALSE,30.5,59.6,0,1.02,22.4,Cloudy,26.9
05-06-2024 06:00,6,0,156,FALSE,1,6.12E-17,0,1,TRUE,32.1,53.1,18.2,2.91,22.7,Cloudy,27.6
05-06-2024 07:00,7,0,156,FALSE,0.965925826,-0.258819045,0,1,TRUE,33.6,60.1,47.8,2.32,24,Cloudy,29.4
05-06-2024 08:00,8,0,156,FALSE,0.866025404,-0.5,0,1,TRUE,34.7,52.6,121.6,2.06,24,Cloudy,29.4
05-06-2024 09:00,9,0,156,FALSE,0.707106781,-0.707106781,0,1,TRUE,35.4,64.5,248.6,1,24,Cloudy,31.3
05-06-2024 10:00,10,0,156,FALSE,0.5,-0.866025404,0,1,TRUE,35.6,52.8,400.1,3.48,24,Sunny,30.1
05-06-2024 11:00,11,0,156,FALSE,0.258819045,-0.965925826,0,1,TRUE,35.4,55.2,595.5,5.12,24,Sunny,30.3
05-06-2024 12:00,12,0,156,FALSE,1.22E-16,-1,0,1,TRUE,34.7,61.2,737.9,5.2,24,Sunny,30.4
05-06-2024 13:00,13,0,156,FALSE,-0.258819045,-0.965925826,0,1,TRUE,33.6,51.5,981.1,3.6,23.9,Cloudy,28.5
05-06-2024 14:00,14,0,156,FALSE,-0.5,-0.866025404,0,1,TRUE,32.1,59.6,874.5,3.52,24,Sunny,28.2
05-06-2024 15:00,15,0,156,FALSE,-0.707106781,-0.707106781,0,1,TRUE,30.5,65.8,591.4,4.34,23.7,Cloudy,27.5
05-06-2024 16:00,16,0,156,FALSE,-0.866025404,-0.5,0,1,TRUE,28.6,52.2,401.5,3.07,19,Sunny,24.9
05-06-2024 17:00,17,0,156,FALSE,-0.965925826,-0.258819045,0,1,TRUE,26.8,62,250.7,3.95,19.2,Cloudy,24.2
05-06-2024 18:00,18,0,156,FALSE,-1,-1.84E-16,0,1,TRUE,25.1,63.2,116.5,4.11,17.7,Cloudy,23
05-06-2024 19:00,19,0,156,FALSE,-0.965925826,0.258819045,0,1,FALSE,23.7,66.6,0,4.24,17,Cloudy,22
05-06-2024 20:00,20,0,156,FALSE,-0.866025404,0.5,0,1,FALSE,22.6,57,0,2.92,14,Rainy,20.7
05-06-2024 21:00,21,0,156,FALSE,-0.707106781,0.707106781,0,1,FALSE,21.9,56.9,0,2.58,14,Cloudy,20.1
05-06-2024 22:00,22,0,156,FALSE,-0.5,0.866025404,0,1,FALSE,21.6,66.3,0,1.8,14.9,Rainy,20.3
05-06-2024 23:00,23,0,156,FALSE,-0.258819045,0.965925826,0,1,FALSE,21.9,65,0,1.63,14.9,Rainy,20.5
06-06-2024 00:00,0,1,157,FALSE,0,1,0.781831482,0.623489802,FALSE,22.6,64.5,0,1.95,15.5,Cloudy,21
06-06-2024 01:00,1,1,157,FALSE,0.258819045,0.965925826,0.781831482,0.623489802,FALSE,23.7,64.4,0,2.33,16.6,Cloudy,21.9
06-06-2024 02:00,2,1,157,FALSE,0.5,0.866025404,0.781831482,0.623489802,FALSE,25.1,58.5,0,2.73,16.8,Sunny,22.7
06-06-2024 03:00,3,1,157,FALSE,0.707106781,0.707106781,0.781831482,0.623489802,FALSE,26.8,62.3,0,1.39,19.3,Sunny,24.2
06-06-2024 04:00,4,1,157,FALSE,0.866025404,0.5,0.781831482,0.623489802,FALSE,28.6,61.7,0,3.33,20.9,Sunny,25.6
06-06-2024 05:00,5,1,157,FALSE,0.965925826,0.258819045,0.781831482,0.623489802,FALSE,30.5,55.7,0,2.08,21.6,Sunny,26.6
06-06-2024 06:00,6,1,157,FALSE,1,6.12E-17,0.781831482,0.623489802,TRUE,32.1,67.8,19.6,2.48,24,Sunny,29
06-06-2024 07:00,7,1,157,FALSE,0.965925826,-0.258819045,0.781831482,0.623489802,TRUE,33.6,60.1,51.4,2.14,24,Rainy,29.4
06-06-2024 08:00,8,1,157,FALSE,0.866025404,-0.5,0.781831482,0.623489802,TRUE,34.7,51.2,126.1,1.06,24,Cloudy,29.3
06-06-2024 09:00,9,1,157,FALSE,0.707106781,-0.707106781,0.781831482,0.623489802,TRUE,35.4,60.1,252.7,3.97,24,Cloudy,30.8
06-06-2024 10:00,10,1,157,FALSE,0.5,-0.866025404,0.781831482,0.623489802,TRUE,35.6,51.8,435.8,4.09,24,Sunny,30
06-06-2024 11:00,11,1,157,FALSE,0.258819045,-0.965925826,0.781831482,0.623489802,TRUE,35.4,60.7,621.4,3.48,24,Sunny,30.9
06-06-2024 12:00,12,1,157,FALSE,1.22E-16,-1,0.781831482,0.623489802,TRUE,34.7,62.9,759.9,3.92,24,Sunny,30.6
06-06-2024 13:00,13,1,157,FALSE,-0.258819045,-0.965925826,0.781831482,0.623489802,TRUE,33.6,53.6,818.2,4.38,24,Sunny,28.7
06-06-2024 14:00,14,1,157,FALSE,-0.5,-0.866025404,0.781831482,0.623489802,TRUE,32.1,63.3,818.3,2.75,24,Sunny,28.5
06-06-2024 15:00,15,1,157,FALSE,-0.707106781,-0.707106781,0.781831482,0.623489802,TRUE,30.5,61.3,663.4,3.54,22.8,Sunny,27.1
06-06-2024 16:00,16,1,157,FALSE,-0.866025404,-0.5,0.781831482,0.623489802,TRUE,28.6,64.3,430.4,4.5,21.5,Rainy,25.8
06-06-2024 17:00,17,1,157,FALSE,-0.965925826,-0.258819045,0.781831482,0.623489802,TRUE,26.8,70.6,277.7,2.7,20.9,Cloudy,24.8
06-06-2024 18:00,18,1,157,FALSE,-1,-1.84E-16,0.781831482,0.623489802,TRUE,25.1,60.7,114,3.73,17.2,Sunny,22.8
06-06-2024 19:00,19,1,157,FALSE,-0.965925826,0.258819045,0.781831482,0.623489802,FALSE,23.7,58.9,0,2.17,15.5,Sunny,21.6
06-06-2024 20:00,20,1,157,FALSE,-0.866025404,0.5,0.781831482,0.623489802,FALSE,22.6,58.8,0,3.37,14.4,Sunny,20.8
06-06-2024 21:00,21,1,157,FALSE,-0.707106781,0.707106781,0.781831482,0.623489802,FALSE,21.9,59.5,0,2.71,14,Sunny,20.3
06-06-2024 22:00,22,1,157,FALSE,-0.5,0.866025404,0.781831482,0.623489802,FALSE,21.6,63.3,0,1.21,14.3,Rainy,20.2
06-06-2024 23:00,23,1,157,FALSE,-0.258819045,0.965925826,0.781831482,0.623489802,FALSE,21.9,65.3,0,3.22,15,Sunny,20.5
07-06-2024 00:00,0,2,158,FALSE,0,1,0.974927912,-0.222520934,FALSE,25.3,63.2,0,1.55,17.9,Sunny,23.1
07-06-2024 01:00,1,2,158,FALSE,0.258819045,0.965925826,0.974927912,-0.222520934,FALSE,26.4,65.4,0,1.39,19.5,Sunny,24.1
07-06-2024 02:00,2,2,158,FALSE,0.5,0.866025404,0.974927912,-0.222520934,FALSE,27.9,60.6,0,2.16,20,Sunny,25
07-06-2024 03:00,3,2,158,FALSE,0.707106781,0.707106781,0.974927912,-0.222520934,FALSE,29.6,67,0,2.95,23,Cloudy,26.9
07-06-2024 04:00,4,2,158,FALSE,0.866025404,0.5,0.974927912,-0.222520934,FALSE,31.4,57.5,0,1.32,22.9,Cloudy,27.4
07-06-2024 05:00,5,2,158,FALSE,0.965925826,0.258819045,0.974927912,-0.222520934,FALSE,33.2,71.5,0,2.34,24,Cloudy,30.3
07-06-2024 06:00,6,2,158,FALSE,1,6.12E-17,0.974927912,-0.222520934,TRUE,34.9,60.2,17.1,2.84,24,Sunny,30.4
07-06-2024 07:00,7,2,158,FALSE,0.965925826,-0.258819045,0.974927912,-0.222520934,TRUE,36.3,52.1,55.4,6.8,24,Sunny,30.6
07-06-2024 08:00,8,2,158,FALSE,0.866025404,-0.5,0.974927912,-0.222520934,TRUE,37.4,50.4,128,3.14,24,Sunny,31.2
07-06-2024 09:00,9,2,158,FALSE,0.707106781,-0.707106781,0.974927912,-0.222520934,TRUE,38.1,57.9,267.9,2.97,24,Cloudy,32.6
07-06-2024 10:00,10,2,158,FALSE,0.5,-0.866025404,0.974927912,-0.222520934,TRUE,38.4,54.2,452.9,2.84,24,Sunny,32.4
07-06-2024 11:00,11,2,158,FALSE,0.258819045,-0.965925826,0.974927912,-0.222520934,TRUE,38.1,59,667.3,3.78,24,Sunny,32.8
07-06-2024 12:00,12,2,158,FALSE,1.22E-16,-1,0.974927912,-0.222520934,TRUE,37.4,58.2,799.7,3.01,24,Cloudy,32.1
07-06-2024 13:00,13,2,158,FALSE,-0.258819045,-0.965925826,0.974927912,-0.222520934,TRUE,36.3,56,952.1,1.63,24,Cloudy,31
07-06-2024 14:00,14,2,158,FALSE,-0.5,-0.866025404,0.974927912,-0.222520934,TRUE,34.9,52.8,785.3,4.35,24,Sunny,29.6
07-06-2024 15:00,15,2,158,FALSE,-0.707106781,-0.707106781,0.974927912,-0.222520934,TRUE,33.2,50.3,666.4,4.69,23.3,Sunny,28.1
07-06-2024 16:00,16,2,158,FALSE,-0.866025404,-0.5,0.974927912,-0.222520934,TRUE,31.4,56.6,456,1.98,22.7,Sunny,27.4
07-06-2024 17:00,17,2,158,FALSE,-0.965925826,-0.258819045,0.974927912,-0.222520934,TRUE,29.6,64,241.6,2.9,22.4,Cloudy,26.6
07-06-2024 18:00,18,2,158,FALSE,-1,-1.84E-16,0.974927912,-0.222520934,TRUE,27.9,61.6,122.2,4,20.2,Sunny,25.1
07-06-2024 19:00,19,2,158,FALSE,-0.965925826,0.258819045,0.974927912,-0.222520934,FALSE,26.4,55.1,0,4.9,17.4,Rainy,23.5
07-06-2024 20:00,20,2,158,FALSE,-0.866025404,0.5,0.974927912,-0.222520934,FALSE,25.3,62.7,0,3.02,17.8,Sunny,23.1
07-06-2024 21:00,21,2,158,FALSE,-0.707106781,0.707106781,0.974927912,-0.222520934,FALSE,24.6,64.1,0,2.16,17.4,Rainy,22.6
07-06-2024 22:00,22,2,158,FALSE,-0.5,0.866025404,0.974927912,-0.222520934,FALSE,24.4,57.9,0,2.35,16,Cloudy,22.1
07-06-2024 23:00,23,2,158,FALSE,-0.258819045,0.965925826,0.974927912,-0.222520934,FALSE,24.6,63,0,3.39,17.2,Sunny,22.5
08-06-2024 00:00,0,3,159,FALSE,0,1,0.433883739,-0.900968868,FALSE,24.1,62.7,0,1.62,16.6,Cloudy,22.1
08-06-2024 01:00,1,3,159,FALSE,0.258819045,0.965925826,0.433883739,-0.900968868,FALSE,25.2,56.2,0,1.39,16.4,Sunny,22.6
08-06-2024 02:00,2,3,159,FALSE,0.5,0.866025404,0.433883739,-0.900968868,FALSE,26.7,62.9,0,1.61,19.3,Rainy,24.2
08-06-2024 03:00,3,3,159,FALSE,0.707106781,0.707106781,0.433883739,-0.900968868,FALSE,28.3,63.2,0,1.27,20.9,Cloudy,25.5
08-06-2024 04:00,4,3,159,FALSE,0.866025404,0.5,0.433883739,-0.900968868,FALSE,30.2,64.8,0,2.23,23.2,Sunny,27.2
08-06-2024 05:00,5,3,159,FALSE,0.965925826,0.258819045,0.433883739,-0.900968868,FALSE,32,63.8,0,3.59,24,Cloudy,28.5
08-06-2024 06:00,6,3,159,FALSE,1,6.12E-17,0.433883739,-0.900968868,TRUE,33.7,50.8,16.8,2.76,23.9,Rainy,28.5
08-06-2024 07:00,7,3,159,FALSE,0.965925826,-0.258819045,0.433883739,-0.900968868,TRUE,35.1,52.3,52.6,2.54,24,Sunny,29.7
08-06-2024 08:00,8,3,159,FALSE,0.866025404,-0.5,0.433883739,-0.900968868,TRUE,36.2,59,119,2.77,24,Sunny,31.3
08-06-2024 09:00,9,3,159,FALSE,0.707106781,-0.707106781,0.433883739,-0.900968868,TRUE,36.9,58.6,264.7,2.01,24,Cloudy,31.8
08-06-2024 10:00,10,3,159,FALSE,0.5,-0.866025404,0.433883739,-0.900968868,TRUE,37.2,58.5,437.5,4.21,24,Cloudy,32
08-06-2024 11:00,11,3,159,FALSE,0.258819045,-0.965925826,0.433883739,-0.900968868,TRUE,36.9,75.3,608.4,3.64,24,Sunny,33.9
08-06-2024 12:00,12,3,159,FALSE,1.22E-16,-1,0.433883739,-0.900968868,TRUE,36.2,59.3,873.8,3.72,24,Sunny,31.3
08-06-2024 13:00,13,3,159,FALSE,-0.258819045,-0.965925826,0.433883739,-0.900968868,TRUE,35.1,62.6,838.4,6,24,Sunny,30.9
08-06-2024 14:00,14,3,159,FALSE,-0.5,-0.866025404,0.433883739,-0.900968868,TRUE,33.7,62.4,843.7,4.24,24,Sunny,29.7
08-06-2024 15:00,15,3,159,FALSE,-0.707106781,-0.707106781,0.433883739,-0.900968868,TRUE,32,61.8,624.8,3.36,24,Sunny,28.3
08-06-2024 16:00,16,3,159,FALSE,-0.866025404,-0.5,0.433883739,-0.900968868,TRUE,30.2,57.8,426.5,3.52,21.8,Rainy,26.6
08-06-2024 17:00,17,3,159,FALSE,-0.965925826,-0.258819045,0.433883739,-0.900968868,TRUE,28.3,64.1,250.1,4.63,21.1,Sunny,25.6
08-06-2024 18:00,18,3,159,FALSE,-1,-1.84E-16,0.433883739,-0.900968868,TRUE,26.7,57.3,111.1,3.59,18.2,Cloudy,23.8
08-06-2024 19:00,19,3,159,FALSE,-0.965925826,0.258819045,0.433883739,-0.900968868,FALSE,25.2,60.7,0,5.17,17.3,Sunny,22.9
08-06-2024 20:00,20,3,159,FALSE,-0.866025404,0.5,0.433883739,-0.900968868,FALSE,24.1,60,0,3.74,16.1,Sunny,22
08-06-2024 21:00,21,3,159,FALSE,-0.707106781,0.707106781,0.433883739,-0.900968868,FALSE,23.4,63.2,0,2.21,16,Sunny,21.6
08-06-2024 22:00,22,3,159,FALSE,-0.5,0.866025404,0.433883739,-0.900968868,FALSE,23.2,74.5,0,4,18.1,Sunny,22
08-06-2024 23:00,23,3,159,FALSE,-0.258819045,0.965925826,0.433883739,-0.900968868,FALSE,23.4,53.5,0,3.16,14.1,Cloudy,21.1
09-06-2024 00:00,0,4,160,FALSE,0,1,-0.433883739,-0.900968868,FALSE,22.2,66.8,0,1.78,15.6,Rainy,20.8
09-06-2024 01:00,1,4,160,FALSE,0.258819045,0.965925826,-0.433883739,-0.900968868,FALSE,23.3,54.8,0,3.06,14.3,Cloudy,21.1
09-06-2024 02:00,2,4,160,FALSE,0.5,0.866025404,-0.433883739,-0.900968868,FALSE,24.8,59.7,0,2.05,16.7,Rainy,22.5
09-06-2024 03:00,3,4,160,FALSE,0.707106781,0.707106781,-0.433883739,-0.900968868,FALSE,26.5,66.7,0,2.72,19.8,Cloudy,24.3
09-06-2024 04:00,4,4,160,FALSE,0.866025404,0.5,-0.433883739,-0.900968868,FALSE,28.3,60.7,0,2.52,20.4,Sunny,25.3
09-06-2024 05:00,5,4,160,FALSE,0.965925826,0.258819045,-0.433883739,-0.900968868,FALSE,30.1,54.1,0,1.62,20.9,Cloudy,26.2
09-06-2024 06:00,6,4,160,FALSE,1,6.12E-17,-0.433883739,-0.900968868,TRUE,31.8,55,18.8,1.99,22.8,Cloudy,27.5
09-06-2024 07:00,7,4,160,FALSE,0.965925826,-0.258819045,-0.433883739,-0.900968868,TRUE,33.2,61.3,48.8,3.57,24,Sunny,29.2
09-06-2024 08:00,8,4,160,FALSE,0.866025404,-0.5,-0.433883739,-0.900968868,TRUE,34.4,53.6,107.3,2.73,24,Cloudy,29.3
09-06-2024 09:00,9,4,160,FALSE,0.707106781,-0.707106781,-0.433883739,-0.900968868,TRUE,35.1,58,238.2,2.94,24,Sunny,30.3
09-06-2024 10:00,10,4,160,FALSE,0.5,-0.866025404,-0.433883739,-0.900968868,TRUE,35.3,57.1,385.9,2.74,24,Sunny,30.4
09-06-2024 11:00,11,4,160,FALSE,0.258819045,-0.965925826,-0.433883739,-0.900968868,TRUE,35.1,53.7,671.5,4.05,24,Cloudy,29.9
09-06-2024 12:00,12,4,160,FALSE,1.22E-16,-1,-0.433883739,-0.900968868,TRUE,34.4,68,835.3,5.52,24,Sunny,30.9
09-06-2024 13:00,13,4,160,FALSE,-0.258819045,-0.965925826,-0.433883739,-0.900968868,TRUE,33.2,61.1,851.9,3.11,24,Sunny,29.2
09-06-2024 14:00,14,4,160,FALSE,-0.5,-0.866025404,-0.433883739,-0.900968868,TRUE,31.8,48.5,817.1,4.02,21.5,Rainy,26.9
09-06-2024 15:00,15,4,160,FALSE,-0.707106781,-0.707106781,-0.433883739,-0.900968868,TRUE,30.1,60.4,650.4,5.1,22.2,Cloudy,26.7
09-06-2024 16:00,16,4,160,FALSE,-0.866025404,-0.5,-0.433883739,-0.900968868,TRUE,28.3,57,439.1,3.8,19.7,Sunny,25
09-06-2024 17:00,17,4,160,FALSE,-0.965925826,-0.258819045,-0.433883739,-0.900968868,TRUE,26.5,65.5,235.5,4.07,19.6,Cloudy,24.2
09-06-2024 18:00,18,4,160,FALSE,-1,-1.84E-16,-0.433883739,-0.900968868,TRUE,24.8,58.1,112.5,2.65,16.4,Sunny,22.4
09-06-2024 19:00,19,4,160,FALSE,-0.965925826,0.258819045,-0.433883739,-0.900968868,FALSE,23.3,62.3,0,3.6,15.8,Sunny,21.5
09-06-2024 20:00,20,4,160,FALSE,-0.866025404,0.5,-0.433883739,-0.900968868,FALSE,22.2,65.9,0,2.85,15.4,Rainy,20.8
09-06-2024 21:00,21,4,160,FALSE,-0.707106781,0.707106781,-0.433883739,-0.900968868,FALSE,21.5,68.1,0,3.53,15.1,Cloudy,20.3
09-06-2024 22:00,22,4,160,FALSE,-0.5,0.866025404,-0.433883739,-0.900968868,FALSE,21.3,57.8,0,3.45,14,Sunny,19.7
09-06-2024 23:00,23,4,160,FALSE,-0.258819045,0.965925826,-0.433883739,-0.900968868,FALSE,21.5,62.1,0,4.36,14,Cloudy,20
10-06-2024 00:00,0,5,161,TRUE,0,1,-0.974927912,-0.222520934,FALSE,23.8,60.2,0,2.6,15.8,Cloudy,21.8
10-06-2024 01:00,1,5,161,TRUE,0.258819045,0.965925826,-0.974927912,-0.222520934,FALSE,24.9,58.8,0,2.29,16.7,Sunny,22.5
10-06-2024 02:00,2,5,161,TRUE,0.5,0.866025404,-0.974927912,-0.222520934,FALSE,26.3,70.2,0,2.16,20.3,Sunny,24.4
10-06-2024 03:00,3,5,161,TRUE,0.707106781,0.707106781,-0.974927912,-0.222520934,FALSE,28,62.5,0,1.75,20.5,Sunny,25.2
10-06-2024 04:00,4,5,161,TRUE,0.866025404,0.5,-0.974927912,-0.222520934,FALSE,29.8,53.3,0,2.4,20.5,Cloudy,25.9
10-06-2024 05:00,5,5,161,TRUE,0.965925826,0.258819045,-0.974927912,-0.222520934,FALSE,31.6,63.3,0,2.06,24,Cloudy,28.1
10-06-2024 06:00,6,5,161,TRUE,1,6.12E-17,-0.974927912,-0.222520934,TRUE,33.3,68.5,16.3,2.63,24,Cloudy,30
10-06-2024 07:00,7,5,161,TRUE,0.965925826,-0.258819045,-0.974927912,-0.222520934,TRUE,34.8,62.3,50.2,3.8,24,Rainy,30.6
10-06-2024 08:00,8,5,161,TRUE,0.866025404,-0.5,-0.974927912,-0.222520934,TRUE,35.9,49,123.8,2.19,24,Cloudy,29.9
10-06-2024 09:00,9,5,161,TRUE,0.707106781,-0.707106781,-0.974927912,-0.222520934,TRUE,36.6,53.8,257.8,4.17,24,Sunny,31
10-06-2024 10:00,10,5,161,TRUE,0.5,-0.866025404,-0.974927912,-0.222520934,TRUE,36.8,62.4,458.2,4.55,24,Sunny,32.2
10-06-2024 11:00,11,5,161,TRUE,0.258819045,-0.965925826,-0.974927912,-0.222520934,TRUE,36.6,52.7,612.1,3.61,24,Sunny,30.9
10-06-2024 12:00,12,5,161,TRUE,1.22E-16,-1,-0.974927912,-0.222520934,TRUE,35.9,58.8,781.2,2.17,24,Sunny,31.1
10-06-2024 13:00,13,5,161,TRUE,-0.258819045,-0.965925826,-0.974927912,-0.222520934,TRUE,34.8,61,926.7,3.48,24,Cloudy,30.4
10-06-2024 14:00,14,5,161,TRUE,-0.5,-0.866025404,-0.974927912,-0.222520934,TRUE,33.3,53.2,826.9,5.04,23.9,Cloudy,28.5
10-06-2024 15:00,15,5,161,TRUE,-0.707106781,-0.707106781,-0.974927912,-0.222520934,TRUE,31.6,58.4,594.1,3.95,23.3,Sunny,27.7
10-06-2024 16:00,16,5,161,TRUE,-0.866025404,-0.5,-0.974927912,-0.222520934,TRUE,29.8,43.4,451.4,3.07,18.5,Sunny,25
10-06-2024 17:00,17,5,161,TRUE,-0.965925826,-0.258819045,-0.974927912,-0.222520934,TRUE,28,55.4,236.1,3.3,19.1,Cloudy,24.7
10-06-2024 18:00,18,5,161,TRUE,-1,-1.84E-16,-0.974927912,-0.222520934,TRUE,26.3,60.1,122,4.17,18.3,Sunny,23.7
10-06-2024 19:00,19,5,161,TRUE,-0.965925826,0.258819045,-0.974927912,-0.222520934,FALSE,24.9,55.8,0,6.63,16.1,Sunny,22.4
10-06-2024 20:00,20,5,161,TRUE,-0.866025404,0.5,-0.974927912,-0.222520934,FALSE,23.8,70.8,0,2.81,18,Sunny,22.3
10-06-2024 21:00,21,5,161,TRUE,-0.707106781,0.707106781,-0.974927912,-0.222520934,FALSE,23.1,55.8,0,2.45,14.3,Sunny,21
10-06-2024 22:00,22,5,161,TRUE,-0.5,0.866025404,-0.974927912,-0.222520934,FALSE,22.8,60.9,0,2.19,15,Rainy,21
10-06-2024 23:00,23,5,161,TRUE,-0.258819045,0.965925826,-0.974927912,-0.222520934,FALSE,23.1,63.6,0,1.55,15.8,Sunny,21.4
11-06-2024 00:00,0,6,162,TRUE,0,1,-0.781831482,0.623489802,FALSE,22.2,70.6,0,3.43,16.3,Sunny,21
11-06-2024 01:00,1,6,162,TRUE,0.258819045,0.965925826,-0.781831482,0.623489802,FALSE,23.4,55.6,0,1.78,14.5,Sunny,21.2
11-06-2024 02:00,2,6,162,TRUE,0.5,0.866025404,-0.781831482,0.623489802,FALSE,24.8,67.9,0,2.97,18.4,Rainy,23
11-06-2024 03:00,3,6,162,TRUE,0.707106781,0.707106781,-0.781831482,0.623489802,FALSE,26.5,61.3,0,3.25,18.8,Sunny,23.9
11-06-2024 04:00,4,6,162,TRUE,0.866025404,0.5,-0.781831482,0.623489802,FALSE,28.3,55.4,0,2.93,19.4,Sunny,24.9
11-06-2024 05:00,5,6,162,TRUE,0.965925826,0.258819045,-0.781831482,0.623489802,FALSE,30.1,61.8,0,1.95,22.5,Sunny,26.8
11-06-2024 06:00,6,6,162,TRUE,1,6.12E-17,-0.781831482,0.623489802,TRUE,31.8,59.6,15.8,2.82,23.7,Sunny,28
11-06-2024 07:00,7,6,162,TRUE,0.965925826,-0.258819045,-0.781831482,0.623489802,TRUE,33.3,54.8,43.2,2.72,24,Sunny,28.6
11-06-2024 08:00,8,6,162,TRUE,0.866025404,-0.5,-0.781831482,0.623489802,TRUE,34.4,57.6,119.1,2.28,24,Cloudy,29.8
11-06-2024 09:00,9,6,162,TRUE,0.707106781,-0.707106781,-0.781831482,0.623489802,TRUE,35.1,55,218,3.52,24,Sunny,30
11-06-2024 10:00,10,6,162,TRUE,0.5,-0.866025404,-0.781831482,0.623489802,TRUE,35.3,57.4,458.2,2.56,24,Sunny,30.4
11-06-2024 11:00,11,6,162,TRUE,0.258819045,-0.965925826,-0.781831482,0.623489802,TRUE,35.1,60.3,598.4,4.66,24,Cloudy,30.6
11-06-2024 12:00,12,6,162,TRUE,1.22E-16,-1,-0.781831482,0.623489802,TRUE,34.4,65.2,753.5,3.49,24,Sunny,30.6
11-06-2024 13:00,13,6,162,TRUE,-0.258819045,-0.965925826,-0.781831482,0.623489802,TRUE,33.3,51.7,946.7,4.13,23.6,Sunny,28.3
11-06-2024 14:00,14,6,162,TRUE,-0.5,-0.866025404,-0.781831482,0.623489802,TRUE,31.8,69.3,826.6,4.23,24,Sunny,28.9
11-06-2024 15:00,15,6,162,TRUE,-0.707106781,-0.707106781,-0.781831482,0.623489802,TRUE,30.1,49.7,634.9,3.76,20,Rainy,25.8
11-06-2024 16:00,16,6,162,TRUE,-0.866025404,-0.5,-0.781831482,0.623489802,TRUE,28.3,59.6,412.8,4.34,20.2,Sunny,25.2
11-06-2024 17:00,17,6,162,TRUE,-0.965925826,-0.258819045,-0.781831482,0.623489802,TRUE,26.5,64.2,245.2,3.33,19.3,Cloudy,24.1
11-06-2024 18:00,18,6,162,TRUE,-1,-1.84E-16,-0.781831482,0.623489802,TRUE,24.8,63.5,109.1,4.2,17.5,Cloudy,22.7
11-06-2024 19:00,19,6,162,TRUE,-0.965925826,0.258819045,-0.781831482,0.623489802,FALSE,23.4,59.7,0,2.18,15.3,Sunny,21.4
11-06-2024 20:00,20,6,162,TRUE,-0.866025404,0.5,-0.781831482,0.623489802,FALSE,22.2,62.4,0,3.1,14.7,Rainy,20.6
11-06-2024 21:00,21,6,162,TRUE,-0.707106781,0.707106781,-0.781831482,0.623489802,FALSE,21.5,61.3,0,4.29,14,Sunny,20
11-06-2024 22:00,22,6,162,TRUE,-0.5,0.866025404,-0.781831482,0.623489802,FALSE,21.3,60.9,0,1.7,14,Sunny,19.8
11-06-2024 23:00,23,6,162,TRUE,-0.258819045,0.965925826,-0.781831482,0.623489802,FALSE,21.5,68,0,1.75,15.1,Cloudy,20.3
12-06-2024 00:00,0,0,163,FALSE,0,1,0,1,FALSE,22.2,65.2,0,2.55,15.2,Cloudy,20.7
12-06-2024 01:00,1,0,163,FALSE,0.258819045,0.965925826,0,1,FALSE,23.4,59.3,0,2.18,15.3,Cloudy,21.4
12-06-2024 02:00,2,0,163,FALSE,0.5,0.866025404,0,1,FALSE,24.8,66.6,0,2.28,18.1,Sunny,22.9
12-06-2024 03:00,3,0,163,FALSE,0.707106781,0.707106781,0,1,FALSE,26.5,62.8,0,2.43,19.1,Sunny,24
12-06-2024 04:00,4,0,163,FALSE,0.866025404,0.5,0,1,FALSE,28.3,64.4,0,2.64,21.2,Cloudy,25.6
12-06-2024 05:00,5,0,163,FALSE,0.965925826,0.258819045,0,1,FALSE,30.1,62.6,0,3.18,22.6,Sunny,26.9
12-06-2024 06:00,6,0,163,FALSE,1,6.12E-17,0,1,TRUE,31.8,54.5,15.9,2.83,22.7,Sunny,27.5
12-06-2024 07:00,7,0,163,FALSE,0.965925826,-0.258819045,0,1,TRUE,33.3,55,48.3,2.55,24,Sunny,28.6
12-06-2024 08:00,8,0,163,FALSE,0.866025404,-0.5,0,1,TRUE,34.4,61,121.5,3.54,24,Sunny,30.1
12-06-2024 09:00,9,0,163,FALSE,0.707106781,-0.707106781,0,1,TRUE,35.1,60,227,4.78,24,Cloudy,30.6
12-06-2024 10:00,10,0,163,FALSE,0.5,-0.866025404,0,1,TRUE,35.3,56.7,407.5,3.39,24,Sunny,30.3
12-06-2024 11:00,11,0,163,FALSE,0.258819045,-0.965925826,0,1,TRUE,35.1,57.5,615.7,2.93,24,Rainy,30.3
12-06-2024 12:00,12,0,163,FALSE,1.22E-16,-1,0,1,TRUE,34.4,63.7,893.9,4.75,24,Sunny,30.4
12-06-2024 13:00,13,0,163,FALSE,-0.258819045,-0.965925826,0,1,TRUE,33.3,54.9,910.3,3.87,24,Cloudy,28.6
12-06-2024 14:00,14,0,163,FALSE,-0.5,-0.866025404,0,1,TRUE,31.8,61.3,842.4,2.26,24,Sunny,28.1
12-06-2024 15:00,15,0,163,FALSE,-0.707106781,-0.707106781,0,1,TRUE,30.1,58.4,639.1,4.64,21.8,Sunny,26.5
12-06-2024 16:00,16,0,163,FALSE,-0.866025404,-0.5,0,1,TRUE,28.3,59.3,458.6,3.44,20.2,Sunny,25.2
12-06-2024 17:00,17,0,163,FALSE,-0.965925826,-0.258819045,0,1,TRUE,26.5,66.7,252.5,3.63,19.8,Sunny,24.3
12-06-2024 18:00,18,0,163,FALSE,-1,-1.84E-16,0,1,TRUE,24.8,66.2,122.5,3.77,18,Sunny,22.9
12-06-2024 19:00,19,0,163,FALSE,-0.965925826,0.258819045,0,1,FALSE,23.4,66.9,0,3.41,16.8,Rainy,21.8
12-06-2024 20:00,20,0,163,FALSE,-0.866025404,0.5,0,1,FALSE,22.2,69.9,0,3.57,16.2,Cloudy,20.9
12-06-2024 21:00,21,0,163,FALSE,-0.707106781,0.707106781,0,1,FALSE,21.5,63.9,0,2.39,14.3,Sunny,20.1
12-06-2024 22:00,22,0,163,FALSE,-0.5,0.866025404,0,1,FALSE,21.3,67.3,0,2.91,14.8,Sunny,20.1
12-06-2024 23:00,23,0,163,FALSE,-0.258819045,0.965925826,0,1,FALSE,21.5,62.2,0,5.05,14,Sunny,20
13-06-2024 00:00,0,1,164,FALSE,0,1,0.781831482,0.623489802,FALSE,23.3,64.5,0,2.73,16.2,Sunny,21.6
13-06-2024 01:00,1,1,164,FALSE,0.258819045,0.965925826,0.781831482,0.623489802,FALSE,24.4,61.6,0,2.53,16.7,Cloudy,22.3
13-06-2024 02:00,2,1,164,FALSE,0.5,0.866025404,0.781831482,0.623489802,FALSE,25.9,62,0,1.25,18.3,Rainy,23.5
13-06-2024 03:00,3,1,164,FALSE,0.707106781,0.707106781,0.781831482,0.623489802,FALSE,27.6,63.7,0,2.9,20.3,Sunny,25
13-06-2024 04:00,4,1,164,FALSE,0.866025404,0.5,0.781831482,0.623489802,FALSE,29.4,55.7,0,1.71,20.5,Sunny,25.8
13-06-2024 05:00,5,1,164,FALSE,0.965925826,0.258819045,0.781831482,0.623489802,FALSE,31.2,69.4,0,2.94,24,Sunny,28.4
13-06-2024 06:00,6,1,164,FALSE,1,6.12E-17,0.781831482,0.623489802,TRUE,32.9,53,17.1,2.79,23.5,Cloudy,28.1
13-06-2024 07:00,7,1,164,FALSE,0.965925826,-0.258819045,0.781831482,0.623489802,TRUE,34.3,51.3,46.1,4.21,24,Sunny,29
13-06-2024 08:00,8,1,164,FALSE,0.866025404,-0.5,0.781831482,0.623489802,TRUE,35.4,62.6,123.5,2.82,24,Cloudy,31.1
13-06-2024 09:00,9,1,164,FALSE,0.707106781,-0.707106781,0.781831482,0.623489802,TRUE,36.1,60.4,229.6,2.98,24,Cloudy,31.4
13-06-2024 10:00,10,1,164,FALSE,0.5,-0.866025404,0.781831482,0.623489802,TRUE,36.4,59.4,446,3.48,24,Sunny,31.5
13-06-2024 11:00,11,1,164,FALSE,0.258819045,-0.965925826,0.781831482,0.623489802,TRUE,36.1,59.6,626.4,3.46,24,Cloudy,31.3
13-06-2024 12:00,12,1,164,FALSE,1.22E-16,-1,0.781831482,0.623489802,TRUE,35.4,56.7,817.8,4.51,24,Sunny,30.4
13-06-2024 13:00,13,1,164,FALSE,-0.258819045,-0.965925826,0.781831482,0.623489802,TRUE,34.3,52.9,962.6,2.67,24,Cloudy,29.2
13-06-2024 14:00,14,1,164,FALSE,-0.5,-0.866025404,0.781831482,0.623489802,TRUE,32.9,58.4,772.6,3.16,24,Sunny,28.7
13-06-2024 15:00,15,1,164,FALSE,-0.707106781,-0.707106781,0.781831482,0.623489802,TRUE,31.2,55.5,659.2,3.11,22.3,Sunny,27.1
13-06-2024 16:00,16,1,164,FALSE,-0.866025404,-0.5,0.781831482,0.623489802,TRUE,29.4,64.7,449.6,4.63,22.3,Rainy,26.5
13-06-2024 17:00,17,1,164,FALSE,-0.965925826,-0.258819045,0.781831482,0.623489802,TRUE,27.6,60,240,5.08,19.6,Cloudy,24.7
13-06-2024 18:00,18,1,164,FALSE,-1,-1.84E-16,0.781831482,0.623489802,TRUE,25.9,57.4,114.2,3.42,17.4,Cloudy,23.2
13-06-2024 19:00,19,1,164,FALSE,-0.965925826,0.258819045,0.781831482,0.623489802,FALSE,24.4,60.7,0,3.12,16.5,Sunny,22.3
13-06-2024 20:00,20,1,164,FALSE,-0.866025404,0.5,0.781831482,0.623489802,FALSE,23.3,64.9,0,3.06,16.3,Cloudy,21.6
13-06-2024 21:00,21,1,164,FALSE,-0.707106781,0.707106781,0.781831482,0.623489802,FALSE,22.6,60.4,0,3.67,14.7,Sunny,20.8
13-06-2024 22:00,22,1,164,FALSE,-0.5,0.866025404,0.781831482,0.623489802,FALSE,22.4,59.2,0,1.76,14.2,Cloudy,20.6
13-06-2024 23:00,23,1,164,FALSE,-0.258819045,0.965925826,0.781831482,0.623489802,FALSE,22.6,64.4,0,2.48,15.5,Sunny,21
14-06-2024 00:00,0,2,165,FALSE,0,1,0.974927912,-0.222520934,FALSE,20.1,65.7,0,2.91,14,Rainy,19
14-06-2024 01:00,1,2,165,FALSE,0.258819045,0.965925826,0.974927912,-0.222520934,FALSE,21.2,61.4,0,2.43,14,Rainy,19.8
14-06-2024 02:00,2,2,165,FALSE,0.5,0.866025404,0.974927912,-0.222520934,FALSE,22.6,60.8,0,2.15,14.8,Cloudy,20.9
14-06-2024 03:00,3,2,165,FALSE,0.707106781,0.707106781,0.974927912,-0.222520934,FALSE,24.3,63.5,0,2.83,17,Sunny,22.3
14-06-2024 04:00,4,2,165,FALSE,0.866025404,0.5,0.974927912,-0.222520934,FALSE,26.1,54.2,0,1,16.9,Sunny,23.2
14-06-2024 05:00,5,2,165,FALSE,0.965925826,0.258819045,0.974927912,-0.222520934,FALSE,27.9,53.5,0,2.84,18.6,Hazy,24.5
14-06-2024 06:00,6,2,165,FALSE,1,6.12E-17,0.974927912,-0.222520934,TRUE,29.6,56.1,17.9,1.98,20.8,Sunny,26
14-06-2024 07:00,7,2,165,FALSE,0.965925826,-0.258819045,0.974927912,-0.222520934,TRUE,31.1,57.9,49.2,1.28,22.7,Cloudy,27.3
14-06-2024 08:00,8,2,165,FALSE,0.866025404,-0.5,0.974927912,-0.222520934,TRUE,32.2,60,127.3,3.41,24,Sunny,28.3
14-06-2024 09:00,9,2,165,FALSE,0.707106781,-0.707106781,0.974927912,-0.222520934,TRUE,32.9,65.4,269.1,4.36,24,Sunny,29.4
14-06-2024 10:00,10,2,165,FALSE,0.5,-0.866025404,0.974927912,-0.222520934,TRUE,33.1,62.2,421.8,3.39,24,Rainy,29.2
14-06-2024 11:00,11,2,165,FALSE,0.258819045,-0.965925826,0.974927912,-0.222520934,TRUE,32.9,57.3,694.8,4.47,24,Cloudy,28.6
14-06-2024 12:00,12,2,165,FALSE,1.22E-16,-1,0.974927912,-0.222520934,TRUE,32.2,58.3,734.6,5.16,23.9,Sunny,28.1
14-06-2024 13:00,13,2,165,FALSE,-0.258819045,-0.965925826,0.974927912,-0.222520934,TRUE,31.1,53.9,954.5,5.02,21.9,Sunny,26.9
14-06-2024 14:00,14,2,165,FALSE,-0.5,-0.866025404,0.974927912,-0.222520934,TRUE,29.6,59.6,796,5.31,21.5,Sunny,26.2
14-06-2024 15:00,15,2,165,FALSE,-0.707106781,-0.707106781,0.974927912,-0.222520934,TRUE,27.9,59.1,614.4,4.56,19.7,Cloudy,24.9
14-06-2024 16:00,16,2,165,FALSE,-0.866025404,-0.5,0.974927912,-0.222520934,TRUE,26.1,63.1,412.9,3.93,18.7,Sunny,23.7
14-06-2024 17:00,17,2,165,FALSE,-0.965925826,-0.258819045,0.974927912,-0.222520934,TRUE,24.3,58.2,234.1,2.43,15.9,Rainy,22
14-06-2024 18:00,18,2,165,FALSE,-1,-1.84E-16,0.974927912,-0.222520934,TRUE,22.6,65.8,130.7,3.3,15.8,Cloudy,21.1
14-06-2024 19:00,19,2,165,FALSE,-0.965925826,0.258819045,0.974927912,-0.222520934,FALSE,21.2,71.6,0,2.58,15.5,Sunny,20.2
14-06-2024 20:00,20,2,165,FALSE,-0.866025404,0.5,0.974927912,-0.222520934,FALSE,20.1,63.9,0,4.74,14,Cloudy,19
14-06-2024 21:00,21,2,165,FALSE,-0.707106781,0.707106781,0.974927912,-0.222520934,FALSE,19.4,66.8,0,2.6,14,Sunny,18.5
14-06-2024 22:00,22,2,165,FALSE,-0.5,0.866025404,0.974927912,-0.222520934,FALSE,19.1,68.4,0,2.6,14,Sunny,18.3
14-06-2024 23:00,23,2,165,FALSE,-0.258819045,0.965925826,0.974927912,-0.222520934,FALSE,19.4,62.8,0,2.73,14,Rainy,18.4
15-06-2024 00:00,0,3,166,FALSE,0,1,0.433883739,-0.900968868,FALSE,20.4,65.4,0,2.17,14,Sunny,19.3
15-06-2024 01:00,1,3,166,FALSE,0.258819045,0.965925826,0.433883739,-0.900968868,FALSE,21.5,63.8,0,3.39,14.3,Sunny,20.1
15-06-2024 02:00,2,3,166,FALSE,0.5,0.866025404,0.433883739,-0.900968868,FALSE,22.9,63.5,0,1.5,15.6,Sunny,21.2
15-06-2024 03:00,3,3,166,FALSE,0.707106781,0.707106781,0.433883739,-0.900968868,FALSE,24.6,58.3,0,2.19,16.3,Sunny,22.3
15-06-2024 04:00,4,3,166,FALSE,0.866025404,0.5,0.433883739,-0.900968868,FALSE,26.4,61.4,0,1.54,18.7,Sunny,23.9
15-06-2024 05:00,5,3,166,FALSE,0.965925826,0.258819045,0.433883739,-0.900968868,FALSE,28.2,62.9,0,1.24,20.8,Cloudy,25.4
15-06-2024 06:00,6,3,166,FALSE,1,6.12E-17,0.433883739,-0.900968868,TRUE,29.9,66.8,17.5,2.01,23.3,Cloudy,27.1
15-06-2024 07:00,7,3,166,FALSE,0.965925826,-0.258819045,0.433883739,-0.900968868,TRUE,31.4,63.6,45.6,2.71,24,Cloudy,28
15-06-2024 08:00,8,3,166,FALSE,0.866025404,-0.5,0.433883739,-0.900968868,TRUE,32.5,69,126.5,2.66,24,Sunny,29.4
15-06-2024 09:00,9,3,166,FALSE,0.707106781,-0.707106781,0.433883739,-0.900968868,TRUE,33.2,54.1,226.4,2.7,24,Sunny,28.5
15-06-2024 10:00,10,3,166,FALSE,0.5,-0.866025404,0.433883739,-0.900968868,TRUE,33.4,62.2,428.4,2.37,24,Sunny,29.5
15-06-2024 11:00,11,3,166,FALSE,0.258819045,-0.965925826,0.433883739,-0.900968868,TRUE,33.2,58.8,621.9,3.64,24,Sunny,29
15-06-2024 12:00,12,3,166,FALSE,1.22E-16,-1,0.433883739,-0.900968868,TRUE,32.5,69.2,775.3,2.66,24,Sunny,29.5
15-06-2024 13:00,13,3,166,FALSE,-0.258819045,-0.965925826,0.433883739,-0.900968868,TRUE,31.4,54.8,830.3,4.57,22.4,Sunny,27.2
15-06-2024 14:00,14,3,166,FALSE,-0.5,-0.866025404,0.433883739,-0.900968868,TRUE,29.9,55.4,791.7,4.07,21,Sunny,26.1
15-06-2024 15:00,15,3,166,FALSE,-0.707106781,-0.707106781,0.433883739,-0.900968868,TRUE,28.2,57.4,644.9,2.8,19.7,Sunny,25
15-06-2024 16:00,16,3,166,FALSE,-0.866025404,-0.5,0.433883739,-0.900968868,TRUE,26.4,50.7,414.4,6.19,16.5,Rainy,23.2
15-06-2024 17:00,17,3,166,FALSE,-0.965925826,-0.258819045,0.433883739,-0.900968868,TRUE,24.6,59.6,249.1,3.11,16.5,Rainy,22.4
15-06-2024 18:00,18,3,166,FALSE,-1,-1.84E-16,0.433883739,-0.900968868,TRUE,22.9,59.3,108.8,3.76,14.8,Cloudy,21
15-06-2024 19:00,19,3,166,FALSE,-0.965925826,0.258819045,0.433883739,-0.900968868,FALSE,21.5,64.5,0,4.33,14.4,Rainy,20.1
15-06-2024 20:00,20,3,166,FALSE,-0.866025404,0.5,0.433883739,-0.900968868,FALSE,20.4,66,0,1.5,14,Cloudy,19.3
15-06-2024 21:00,21,3,166,FALSE,-0.707106781,0.707106781,0.433883739,-0.900968868,FALSE,19.7,74,0,2.83,14.5,Sunny,19
15-06-2024 22:00,22,3,166,FALSE,-0.5,0.866025404,0.433883739,-0.900968868,FALSE,19.4,69.6,0,2.37,14,Sunny,18.6
15-06-2024 23:00,23,3,166,FALSE,-0.258819045,0.965925826,0.433883739,-0.900968868,FALSE,19.7,61.8,0,2.83,14,Cloudy,18.6
16-06-2024 00:00,0,4,167,FALSE,0,1,-0.433883739,-0.900968868,FALSE,22.1,59,0,2.3,14,Cloudy,20.4
16-06-2024 01:00,1,4,167,FALSE,0.258819045,0.965925826,-0.433883739,-0.900968868,FALSE,23.2,65.4,0,1.43,16.3,Cloudy,21.5
16-06-2024 02:00,2,4,167,FALSE,0.5,0.866025404,-0.433883739,-0.900968868,FALSE,24.7,55.5,0,1.74,15.8,Cloudy,22.2
16-06-2024 03:00,3,4,167,FALSE,0.707106781,0.707106781,-0.433883739,-0.900968868,FALSE,26.3,70.5,0,1.4,20.4,Sunny,24.4
16-06-2024 04:00,4,4,167,FALSE,0.866025404,0.5,-0.433883739,-0.900968868,FALSE,28.2,66.3,0,2.99,21.5,Cloudy,25.7
16-06-2024 05:00,5,4,167,FALSE,0.965925826,0.258819045,-0.433883739,-0.900968868,FALSE,30,57.2,0,2.31,21.4,Rainy,26.4
16-06-2024 06:00,6,4,167,FALSE,1,6.12E-17,-0.433883739,-0.900968868,TRUE,31.7,50.1,17.9,4.02,21.7,Sunny,27
16-06-2024 07:00,7,4,167,FALSE,0.965925826,-0.258819045,-0.433883739,-0.900968868,TRUE,33.1,64.7,51.6,2.69,24,Cloudy,29.5
16-06-2024 08:00,8,4,167,FALSE,0.866025404,-0.5,-0.433883739,-0.900968868,TRUE,34.2,56.8,133,2.43,24,Sunny,29.5
16-06-2024 09:00,9,4,167,FALSE,0.707106781,-0.707106781,-0.433883739,-0.900968868,TRUE,34.9,63.2,240.2,2.05,24,Cloudy,30.8
16-06-2024 10:00,10,4,167,FALSE,0.5,-0.866025404,-0.433883739,-0.900968868,TRUE,35.2,48.9,403.8,2.06,24,Cloudy,29.4
16-06-2024 11:00,11,4,167,FALSE,0.258819045,-0.965925826,-0.433883739,-0.900968868,TRUE,34.9,54.1,639.9,2.44,24,Sunny,29.8
16-06-2024 12:00,12,4,167,FALSE,1.22E-16,-1,-0.433883739,-0.900968868,TRUE,34.2,57.4,867.6,4.08,24,Cloudy,29.6
16-06-2024 13:00,13,4,167,FALSE,-0.258819045,-0.965925826,-0.433883739,-0.900968868,TRUE,33.1,58.2,872.3,4.37,24,Sunny,28.8
16-06-2024 14:00,14,4,167,FALSE,-0.5,-0.866025404,-0.433883739,-0.900968868,TRUE,31.7,56.4,810.1,2.74,23,Cloudy,27.6
16-06-2024 15:00,15,4,167,FALSE,-0.707106781,-0.707106781,-0.433883739,-0.900968868,TRUE,30,62.6,651.7,4.68,22.5,Sunny,26.8
16-06-2024 16:00,16,4,167,FALSE,-0.866025404,-0.5,-0.433883739,-0.900968868,TRUE,28.2,55.1,433.5,3.48,19.2,Cloudy,24.8
16-06-2024 17:00,17,4,167,FALSE,-0.965925826,-0.258819045,-0.433883739,-0.900968868,TRUE,26.3,60.6,245.2,3.82,18.4,Sunny,23.7
16-06-2024 18:00,18,4,167,FALSE,-1,-1.84E-16,-0.433883739,-0.900968868,TRUE,24.7,62.8,109.4,4.79,17.3,Cloudy,22.6
16-06-2024 19:00,19,4,167,FALSE,-0.965925826,0.258819045,-0.433883739,-0.900968868,FALSE,23.2,65.5,0,3.98,16.3,Sunny,21.5
16-06-2024 20:00,20,4,167,FALSE,-0.866025404,0.5,-0.433883739,-0.900968868,FALSE,22.1,67,0,2.79,15.5,Cloudy,20.7
16-06-2024 21:00,21,4,167,FALSE,-0.707106781,0.707106781,-0.433883739,-0.900968868,FALSE,21.4,58.2,0,2.03,14,Rainy,19.8
16-06-2024 22:00,22,4,167,FALSE,-0.5,0.866025404,-0.433883739,-0.900968868,FALSE,21.2,56.2,0,1,14,Rainy,19.6
16-06-2024 23:00,23,4,167,FALSE,-0.258819045,0.965925826,-0.433883739,-0.900968868,FALSE,21.4,70.2,0,1.72,15.4,Cloudy,20.3
17-06-2024 00:00,0,5,168,TRUE,0,1,-0.974927912,-0.222520934,FALSE,21.4,65.5,0,1.97,14.5,Cloudy,20.1
17-06-2024 01:00,1,5,168,TRUE,0.258819045,0.965925826,-0.974927912,-0.222520934,FALSE,22.5,59.5,0,1.24,14.4,Sunny,20.7
17-06-2024 02:00,2,5,168,TRUE,0.5,0.866025404,-0.974927912,-0.222520934,FALSE,24,70.3,0,1.89,18.1,Sunny,22.4
17-06-2024 03:00,3,5,168,TRUE,0.707106781,0.707106781,-0.974927912,-0.222520934,FALSE,25.7,62.2,0,2.1,18.1,Sunny,23.4
17-06-2024 04:00,4,5,168,TRUE,0.866025404,0.5,-0.974927912,-0.222520934,FALSE,27.5,66.6,0,1.95,20.8,Cloudy,25.1
17-06-2024 05:00,5,5,168,TRUE,0.965925826,0.258819045,-0.974927912,-0.222520934,FALSE,29.3,60.2,0,1.77,21.3,Rainy,26.1
17-06-2024 06:00,6,5,168,TRUE,1,6.12E-17,-0.974927912,-0.222520934,TRUE,31,69.3,17.2,2.63,24,Sunny,28.2
17-06-2024 07:00,7,5,168,TRUE,0.965925826,-0.258819045,-0.974927912,-0.222520934,TRUE,32.4,67.1,49.1,3.09,24,Rainy,29.2
17-06-2024 08:00,8,5,168,TRUE,0.866025404,-0.5,-0.974927912,-0.222520934,TRUE,33.5,56.5,123.5,2.13,24,Cloudy,29
17-06-2024 09:00,9,5,168,TRUE,0.707106781,-0.707106781,-0.974927912,-0.222520934,TRUE,34.2,62.3,245.5,4.39,24,Cloudy,30.1
17-06-2024 10:00,10,5,168,TRUE,0.5,-0.866025404,-0.974927912,-0.222520934,TRUE,34.5,60.5,471.2,3.42,24,Sunny,30.2
17-06-2024 11:00,11,5,168,TRUE,0.258819045,-0.965925826,-0.974927912,-0.222520934,TRUE,34.2,64.2,667.4,3.72,24,Sunny,30.3
17-06-2024 12:00,12,5,168,TRUE,1.22E-16,-1,-0.974927912,-0.222520934,TRUE,33.5,52.9,925,4.43,24,Sunny,28.6
17-06-2024 13:00,13,5,168,TRUE,-0.258819045,-0.965925826,-0.974927912,-0.222520934,TRUE,32.4,61.7,887.2,4.15,24,Cloudy,28.6
17-06-2024 14:00,14,5,168,TRUE,-0.5,-0.866025404,-0.974927912,-0.222520934,TRUE,31,64.3,800.8,4.76,23.9,Sunny,27.8
17-06-2024 15:00,15,5,168,TRUE,-0.707106781,-0.707106781,-0.974927912,-0.222520934,TRUE,29.3,51.1,679.1,4.2,19.5,Sunny,25.3
17-06-2024 16:00,16,5,168,TRUE,-0.866025404,-0.5,-0.974927912,-0.222520934,TRUE,27.5,54.8,421.1,3.38,18.5,Cloudy,24.3
17-06-2024 17:00,17,5,168,TRUE,-0.965925826,-0.258819045,-0.974927912,-0.222520934,TRUE,25.7,51.5,241.5,4,16,Cloudy,22.7
17-06-2024 18:00,18,5,168,TRUE,-1,-1.84E-16,-0.974927912,-0.222520934,TRUE,24,61.2,125.8,2.59,16.2,Rainy,22
17-06-2024 19:00,19,5,168,TRUE,-0.965925826,0.258819045,-0.974927912,-0.222520934,FALSE,22.5,66.8,0,3.35,15.9,Sunny,21
17-06-2024 20:00,20,5,168,TRUE,-0.866025404,0.5,-0.974927912,-0.222520934,FALSE,21.4,71.3,0,2.97,15.7,Sunny,20.3
17-06-2024 21:00,21,5,168,TRUE,-0.707106781,0.707106781,-0.974927912,-0.222520934,FALSE,20.7,64.5,0,2.57,14,Cloudy,19.5
17-06-2024 22:00,22,5,168,TRUE,-0.5,0.866025404,-0.974927912,-0.222520934,FALSE,20.5,72.4,0,2.4,15,Sunny,19.6
17-06-2024 23:00,23,5,168,TRUE,-0.258819045,0.965925826,-0.974927912,-0.222520934,FALSE,20.7,57.2,0,1,14,Sunny,19.2
18-06-2024 00:00,0,6,169,TRUE,0,1,-0.781831482,0.623489802,FALSE,23.4,54.3,0,1.69,14.3,Sunny,21.2
18-06-2024 01:00,1,6,169,TRUE,0.258819045,0.965925826,-0.781831482,0.623489802,FALSE,24.5,62,0,2.11,16.9,Sunny,22.4
18-06-2024 02:00,2,6,169,TRUE,0.5,0.866025404,-0.781831482,0.623489802,FALSE,26,63.4,0,2.13,18.7,Sunny,23.7
18-06-2024 03:00,3,6,169,TRUE,0.707106781,0.707106781,-0.781831482,0.623489802,FALSE,27.7,60.5,0,1.21,19.8,Sunny,24.8
18-06-2024 04:00,4,6,169,TRUE,0.866025404,0.5,-0.781831482,0.623489802,FALSE,29.5,49.4,0,3.15,19.4,Sunny,25.3
18-06-2024 05:00,5,6,169,TRUE,0.965925826,0.258819045,-0.781831482,0.623489802,FALSE,31.3,58.4,0,1.6,23,Sunny,27.5
18-06-2024 06:00,6,6,169,TRUE,1,6.12E-17,-0.781831482,0.623489802,TRUE,33,51.5,18.4,3.28,23.3,Hazy,28.1
18-06-2024 07:00,7,6,169,TRUE,0.965925826,-0.258819045,-0.781831482,0.623489802,TRUE,34.4,60.6,55,3.08,24,Sunny,30.1
18-06-2024 08:00,8,6,169,TRUE,0.866025404,-0.5,-0.781831482,0.623489802,TRUE,35.5,58.6,118.8,2.48,24,Hazy,30.7
18-06-2024 09:00,9,6,169,TRUE,0.707106781,-0.707106781,-0.781831482,0.623489802,TRUE,36.2,51.7,266.2,4.68,24,Sunny,30.4
18-06-2024 10:00,10,6,169,TRUE,0.5,-0.866025404,-0.781831482,0.623489802,TRUE,36.5,53.7,428.6,5.57,24,Sunny,30.9
18-06-2024 11:00,11,6,169,TRUE,0.258819045,-0.965925826,-0.781831482,0.623489802,TRUE,36.2,51.1,664.7,4.44,24,Cloudy,30.4
18-06-2024 12:00,12,6,169,TRUE,1.22E-16,-1,-0.781831482,0.623489802,TRUE,35.5,56.4,794.3,4.67,24,Sunny,30.5
18-06-2024 13:00,13,6,169,TRUE,-0.258819045,-0.965925826,-0.781831482,0.623489802,TRUE,34.4,62.1,849.1,3.43,24,Sunny,30.3
18-06-2024 14:00,14,6,169,TRUE,-0.5,-0.866025404,-0.781831482,0.623489802,TRUE,33,53.1,794,5.11,23.6,Sunny,28.2
18-06-2024 15:00,15,6,169,TRUE,-0.707106781,-0.707106781,-0.781831482,0.623489802,TRUE,31.3,61.4,658.1,3.77,23.6,Rainy,27.7
18-06-2024 16:00,16,6,169,TRUE,-0.866025404,-0.5,-0.781831482,0.623489802,TRUE,29.5,57.1,412.8,4.1,20.9,Sunny,26
18-06-2024 17:00,17,6,169,TRUE,-0.965925826,-0.258819045,-0.781831482,0.623489802,TRUE,27.7,56.7,228.8,3.92,19,Sunny,24.6
18-06-2024 18:00,18,6,169,TRUE,-1,-1.84E-16,-0.781831482,0.623489802,TRUE,26,61,106.1,3.39,18.2,Cloudy,23.5
18-06-2024 19:00,19,6,169,TRUE,-0.965925826,0.258819045,-0.781831482,0.623489802,FALSE,24.5,57.1,0,3.91,15.9,Sunny,22.1
18-06-2024 20:00,20,6,169,TRUE,-0.866025404,0.5,-0.781831482,0.623489802,FALSE,23.4,60,0,3.63,15.4,Sunny,21.4
18-06-2024 21:00,21,6,169,TRUE,-0.707106781,0.707106781,-0.781831482,0.623489802,FALSE,22.7,57.2,0,1.34,14.1,Sunny,20.8
18-06-2024 22:00,22,6,169,TRUE,-0.5,0.866025404,-0.781831482,0.623489802,FALSE,22.5,73.1,0,3.54,17.1,Cloudy,21.3
18-06-2024 23:00,23,6,169,TRUE,-0.258819045,0.965925826,-0.781831482,0.623489802,FALSE,22.7,63.3,0,1,15.4,Sunny,21
19-06-2024 00:00,0,0,170,FALSE,0,1,0,1,FALSE,21.6,60.2,0,2.96,14,Sunny,20
19-06-2024 01:00,1,0,170,FALSE,0.258819045,0.965925826,0,1,FALSE,22.7,64.2,0,6.68,15.5,Sunny,21.1
19-06-2024 02:00,2,0,170,FALSE,0.5,0.866025404,0,1,FALSE,24.1,61.9,0,1.13,16.5,Cloudy,22.1
19-06-2024 03:00,3,0,170,FALSE,0.707106781,0.707106781,0,1,FALSE,25.8,60.5,0,1.71,17.9,Sunny,23.3
19-06-2024 04:00,4,0,170,FALSE,0.866025404,0.5,0,1,FALSE,27.6,63.8,0,1.25,20.4,Rainy,25
19-06-2024 05:00,5,0,170,FALSE,0.965925826,0.258819045,0,1,FALSE,29.4,63.6,0,2.12,22.1,Sunny,26.4
19-06-2024 06:00,6,0,170,FALSE,1,6.12E-17,0,1,TRUE,31.1,56.3,18.7,2.25,22.4,Rainy,27.1
19-06-2024 07:00,7,0,170,FALSE,0.965925826,-0.258819045,0,1,TRUE,32.6,55.3,50.6,3.36,23.7,Rainy,28.2
19-06-2024 08:00,8,0,170,FALSE,0.866025404,-0.5,0,1,TRUE,33.7,56.3,123,4.05,24,Sunny,29.1
19-06-2024 09:00,9,0,170,FALSE,0.707106781,-0.707106781,0,1,TRUE,34.4,45.8,241,4.38,23.6,Sunny,28.5
19-06-2024 10:00,10,0,170,FALSE,0.5,-0.866025404,0,1,TRUE,34.6,49.6,414.3,3.05,24,Sunny,29
19-06-2024 11:00,11,0,170,FALSE,0.258819045,-0.965925826,0,1,TRUE,34.4,64.1,608.2,3.54,24,Sunny,30.5
19-06-2024 12:00,12,0,170,FALSE,1.22E-16,-1,0,1,TRUE,33.7,65.9,889.6,2.52,24,Cloudy,30.1
19-06-2024 13:00,13,0,170,FALSE,-0.258819045,-0.965925826,0,1,TRUE,32.6,57,926,3.32,24,Sunny,28.3
19-06-2024 14:00,14,0,170,FALSE,-0.5,-0.866025404,0,1,TRUE,31.1,61.8,796.1,4.77,23.5,Sunny,27.6
19-06-2024 15:00,15,0,170,FALSE,-0.707106781,-0.707106781,0,1,TRUE,29.4,61.4,688.3,5.26,21.7,Sunny,26.2
19-06-2024 16:00,16,0,170,FALSE,-0.866025404,-0.5,0,1,TRUE,27.6,76.1,416.6,2.88,22.8,Rainy,25.9
19-06-2024 17:00,17,0,170,FALSE,-0.965925826,-0.258819045,0,1,TRUE,25.8,67.2,232.6,3.23,19.2,Sunny,23.8
19-06-2024 18:00,18,0,170,FALSE,-1,-1.84E-16,0,1,TRUE,24.1,61.8,120.9,3.48,16.5,Sunny,22.1
19-06-2024 19:00,19,0,170,FALSE,-0.965925826,0.258819045,0,1,FALSE,22.7,58.4,0,3.48,14.4,Sunny,20.8
19-06-2024 20:00,20,0,170,FALSE,-0.866025404,0.5,0,1,FALSE,21.6,55.7,0,2.35,14,Rainy,19.9
19-06-2024 21:00,21,0,170,FALSE,-0.707106781,0.707106781,0,1,FALSE,20.9,65.1,0,3.08,14,Cloudy,19.7
19-06-2024 22:00,22,0,170,FALSE,-0.5,0.866025404,0,1,FALSE,20.6,60.4,0,2.12,14,Sunny,19.3
19-06-2024 23:00,23,0,170,FALSE,-0.258819045,0.965925826,0,1,FALSE,20.9,56.9,0,2.28,14,Sunny,19.4
20-06-2024 00:00,0,1,171,FALSE,0,1,0.781831482,0.623489802,FALSE,20.8,60.9,0,2.57,14,Sunny,19.4
20-06-2024 01:00,1,1,171,FALSE,0.258819045,0.965925826,0.781831482,0.623489802,FALSE,21.9,58.1,0,2.04,14,Sunny,20.2
20-06-2024 02:00,2,1,171,FALSE,0.5,0.866025404,0.781831482,0.623489802,FALSE,23.4,71.2,0,1.65,17.6,Rainy,22
20-06-2024 03:00,3,1,171,FALSE,0.707106781,0.707106781,0.781831482,0.623489802,FALSE,25.1,66.4,0,1.95,18.4,Cloudy,23.1
20-06-2024 04:00,4,1,171,FALSE,0.866025404,0.5,0.781831482,0.623489802,FALSE,26.9,61,0,2.06,19.1,Sunny,24.2
20-06-2024 05:00,5,1,171,FALSE,0.965925826,0.258819045,0.781831482,0.623489802,FALSE,28.7,67.5,0,2,22.2,Cloudy,26.2
20-06-2024 06:00,6,1,171,FALSE,1,6.12E-17,0.781831482,0.623489802,TRUE,30.4,59.7,16.9,2.29,22.3,Hazy,26.9
20-06-2024 07:00,7,1,171,FALSE,0.965925826,-0.258819045,0.781831482,0.623489802,TRUE,31.8,54.3,52.5,4.02,22.7,Cloudy,27.5
20-06-2024 08:00,8,1,171,FALSE,0.866025404,-0.5,0.781831482,0.623489802,TRUE,32.9,65.7,108.9,3.45,24,Cloudy,29.4
20-06-2024 09:00,9,1,171,FALSE,0.707106781,-0.707106781,0.781831482,0.623489802,TRUE,33.6,60.4,224.5,3.02,24,Sunny,29.4
20-06-2024 10:00,10,1,171,FALSE,0.5,-0.866025404,0.781831482,0.623489802,TRUE,33.9,52.4,437.2,4.06,24,Cloudy,28.8
20-06-2024 11:00,11,1,171,FALSE,0.258819045,-0.965925826,0.781831482,0.623489802,TRUE,33.6,56.7,661.9,3.44,24,Sunny,29.1
20-06-2024 12:00,12,1,171,FALSE,1.22E-16,-1,0.781831482,0.623489802,TRUE,32.9,53.7,727.5,4.8,23.6,Sunny,28.2
20-06-2024 13:00,13,1,171,FALSE,-0.258819045,-0.965925826,0.781831482,0.623489802,TRUE,31.8,51.7,897.2,4.26,22.1,Sunny,27.2
20-06-2024 14:00,14,1,171,FALSE,-0.5,-0.866025404,0.781831482,0.623489802,TRUE,30.4,63.9,820.3,3.91,23.2,Sunny,27.2
20-06-2024 15:00,15,1,171,FALSE,-0.707106781,-0.707106781,0.781831482,0.623489802,TRUE,28.7,69.7,595,4.32,22.6,Cloudy,26.3
20-06-2024 16:00,16,1,171,FALSE,-0.866025404,-0.5,0.781831482,0.623489802,TRUE,26.9,54.1,455.8,2.61,17.7,Rainy,23.8
20-06-2024 17:00,17,1,171,FALSE,-0.965925826,-0.258819045,0.781831482,0.623489802,TRUE,25.1,64.8,258,2.81,18.1,Cloudy,23
20-06-2024 18:00,18,1,171,FALSE,-1,-1.84E-16,0.781831482,0.623489802,TRUE,23.4,59.5,128.5,2.54,15.3,Cloudy,21.4
20-06-2024 19:00,19,1,171,FALSE,-0.965925826,0.258819045,0.781831482,0.623489802,FALSE,21.9,61.1,0,3.37,14.1,Cloudy,20.3
20-06-2024 20:00,20,1,171,FALSE,-0.866025404,0.5,0.781831482,0.623489802,FALSE,20.8,61.1,0,4.39,14,Sunny,19.5
20-06-2024 21:00,21,1,171,FALSE,-0.707106781,0.707106781,0.781831482,0.623489802,FALSE,20.1,60.1,0,4.53,14,Sunny,18.9
20-06-2024 22:00,22,1,171,FALSE,-0.5,0.866025404,0.781831482,0.623489802,FALSE,19.9,64.8,0,3.01,14,Sunny,18.9
20-06-2024 23:00,23,1,171,FALSE,-0.258819045,0.965925826,0.781831482,0.623489802,FALSE,20.1,60.3,0,2.69,14,Cloudy,18.9
21-06-2024 00:00,0,2,172,FALSE,0,1,0.974927912,-0.222520934,FALSE,25.1,63.3,0,1,17.8,Rainy,23
21-06-2024 01:00,1,2,172,FALSE,0.258819045,0.965925826,0.974927912,-0.222520934,FALSE,26.2,61.1,0,1.6,18.4,Sunny,23.7
21-06-2024 02:00,2,2,172,FALSE,0.5,0.866025404,0.974927912,-0.222520934,FALSE,27.7,59.5,0,1.37,19.6,Cloudy,24.8
21-06-2024 03:00,3,2,172,FALSE,0.707106781,0.707106781,0.974927912,-0.222520934,FALSE,29.4,55.3,0,1.54,20.5,Cloudy,25.7
21-06-2024 04:00,4,2,172,FALSE,0.866025404,0.5,0.974927912,-0.222520934,FALSE,31.2,56,0,2,22.4,Sunny,27.2
21-06-2024 05:00,5,2,172,FALSE,0.965925826,0.258819045,0.974927912,-0.222520934,FALSE,33,61.8,0,1.92,24,Sunny,29.1
21-06-2024 06:00,6,2,172,FALSE,1,6.12E-17,0.974927912,-0.222520934,TRUE,34.7,59.7,17.4,1,24,Sunny,30.2
21-06-2024 07:00,7,2,172,FALSE,0.965925826,-0.258819045,0.974927912,-0.222520934,TRUE,36.1,51.6,47.6,3.34,24,Sunny,30.4
21-06-2024 08:00,8,2,172,FALSE,0.866025404,-0.5,0.974927912,-0.222520934,TRUE,37.3,56.3,119.5,2.14,24,Sunny,31.8
21-06-2024 09:00,9,2,172,FALSE,0.707106781,-0.707106781,0.974927912,-0.222520934,TRUE,38,59.3,230.3,3.45,24,Sunny,32.7
21-06-2024 10:00,10,2,172,FALSE,0.5,-0.866025404,0.974927912,-0.222520934,TRUE,38.2,47.1,435.3,5.16,24,Sunny,31.3
21-06-2024 11:00,11,2,172,FALSE,0.258819045,-0.965925826,0.974927912,-0.222520934,TRUE,38,58.2,619.7,2.97,24,Sunny,32.6
21-06-2024 12:00,12,2,172,FALSE,1.22E-16,-1,0.974927912,-0.222520934,TRUE,37.3,52.5,800.9,1.84,24,Cloudy,31.3
21-06-2024 13:00,13,2,172,FALSE,-0.258819045,-0.965925826,0.974927912,-0.222520934,TRUE,36.1,59.3,887.8,3.74,24,Sunny,31.3
21-06-2024 14:00,14,2,172,FALSE,-0.5,-0.866025404,0.974927912,-0.222520934,TRUE,34.7,53.3,789.4,4.88,24,Cloudy,29.5
21-06-2024 15:00,15,2,172,FALSE,-0.707106781,-0.707106781,0.974927912,-0.222520934,TRUE,33,49,604.1,5.53,22.8,Sunny,27.8
21-06-2024 16:00,16,2,172,FALSE,-0.866025404,-0.5,0.974927912,-0.222520934,TRUE,31.2,50.8,435.8,5.69,21.4,Sunny,26.7
21-06-2024 17:00,17,2,172,FALSE,-0.965925826,-0.258819045,0.974927912,-0.222520934,TRUE,29.4,60,245,4.1,21.4,Rainy,26.1
21-06-2024 18:00,18,2,172,FALSE,-1,-1.84E-16,0.974927912,-0.222520934,TRUE,27.7,61.9,118.6,3.13,20.1,Sunny,24.9
21-06-2024 19:00,19,2,172,FALSE,-0.965925826,0.258819045,0.974927912,-0.222520934,FALSE,26.2,56.9,0,3.17,17.6,Sunny,23.4
21-06-2024 20:00,20,2,172,FALSE,-0.866025404,0.5,0.974927912,-0.222520934,FALSE,25.1,65.1,0,5.12,18.1,Cloudy,23.1
21-06-2024 21:00,21,2,172,FALSE,-0.707106781,0.707106781,0.974927912,-0.222520934,FALSE,24.4,54,0,1.54,15.2,Sunny,21.9
21-06-2024 22:00,22,2,172,FALSE,-0.5,0.866025404,0.974927912,-0.222520934,FALSE,24.2,62.1,0,2.7,16.6,Sunny,22.2
21-06-2024 23:00,23,2,172,FALSE,-0.258819045,0.965925826,0.974927912,-0.222520934,FALSE,24.4,56.2,0,2.67,15.6,Sunny,22
22-06-2024 00:00,0,3,173,FALSE,0,1,0.433883739,-0.900968868,FALSE,22.6,59.9,0,3,14.6,Sunny,20.8
22-06-2024 01:00,1,3,173,FALSE,0.258819045,0.965925826,0.433883739,-0.900968868,FALSE,23.7,62.9,0,2.11,16.3,Sunny,21.8
22-06-2024 02:00,2,3,173,FALSE,0.5,0.866025404,0.433883739,-0.900968868,FALSE,25.2,57.6,0,2.25,16.7,Sunny,22.7
22-06-2024 03:00,3,3,173,FALSE,0.707106781,0.707106781,0.433883739,-0.900968868,FALSE,26.8,59.2,0,1.72,18.6,Cloudy,24
22-06-2024 04:00,4,3,173,FALSE,0.866025404,0.5,0.433883739,-0.900968868,FALSE,28.7,65.2,0,2.35,21.7,Cloudy,26
22-06-2024 05:00,5,3,173,FALSE,0.965925826,0.258819045,0.433883739,-0.900968868,FALSE,30.5,56.4,0,2.02,21.8,Cloudy,26.7
22-06-2024 06:00,6,3,173,FALSE,1,6.12E-17,0.433883739,-0.900968868,TRUE,32.2,62.6,16.7,3,24,Cloudy,28.6
22-06-2024 07:00,7,3,173,FALSE,0.965925826,-0.258819045,0.433883739,-0.900968868,TRUE,33.6,52.1,47.5,2.45,24,Cloudy,28.6
22-06-2024 08:00,8,3,173,FALSE,0.866025404,-0.5,0.433883739,-0.900968868,TRUE,34.7,59.8,129.5,3.3,24,Sunny,30.2
22-06-2024 09:00,9,3,173,FALSE,0.707106781,-0.707106781,0.433883739,-0.900968868,TRUE,35.4,64,239.6,3.24,24,Cloudy,31.3
22-06-2024 10:00,10,3,173,FALSE,0.5,-0.866025404,0.433883739,-0.900968868,TRUE,35.7,44.3,419.1,4.4,24,Cloudy,29.2
22-06-2024 11:00,11,3,173,FALSE,0.258819045,-0.965925826,0.433883739,-0.900968868,TRUE,35.4,52.8,598.6,3.67,24,Cloudy,30
22-06-2024 12:00,12,3,173,FALSE,1.22E-16,-1,0.433883739,-0.900968868,TRUE,34.7,60,766.7,2.45,24,Sunny,30.3
22-06-2024 13:00,13,3,173,FALSE,-0.258819045,-0.965925826,0.433883739,-0.900968868,TRUE,33.6,56.7,818,4.98,24,Sunny,29.1
22-06-2024 14:00,14,3,173,FALSE,-0.5,-0.866025404,0.433883739,-0.900968868,TRUE,32.2,60.3,830,3.28,24,Sunny,28.3
22-06-2024 15:00,15,3,173,FALSE,-0.707106781,-0.707106781,0.433883739,-0.900968868,TRUE,30.5,56.2,682.4,3.44,21.7,Cloudy,26.6
22-06-2024 16:00,16,3,173,FALSE,-0.866025404,-0.5,0.433883739,-0.900968868,TRUE,28.7,60.6,416.7,3.39,20.8,Sunny,25.6
22-06-2024 17:00,17,3,173,FALSE,-0.965925826,-0.258819045,0.433883739,-0.900968868,TRUE,26.8,60.3,222.7,4.81,18.9,Cloudy,24.1
22-06-2024 18:00,18,3,173,FALSE,-1,-1.84E-16,0.433883739,-0.900968868,TRUE,25.2,67.7,123.6,1.79,18.7,Sunny,23.3
22-06-2024 19:00,19,3,173,FALSE,-0.965925826,0.258819045,0.433883739,-0.900968868,FALSE,23.7,63.9,0,5.77,16.5,Sunny,21.9
22-06-2024 20:00,20,3,173,FALSE,-0.866025404,0.5,0.433883739,-0.900968868,FALSE,22.6,64.9,0,3.84,15.6,Sunny,21
22-06-2024 21:00,21,3,173,FALSE,-0.707106781,0.707106781,0.433883739,-0.900968868,FALSE,21.9,61.5,0,2.92,14.2,Sunny,20.3
22-06-2024 22:00,22,3,173,FALSE,-0.5,0.866025404,0.433883739,-0.900968868,FALSE,21.7,61.2,0,2.46,14,Sunny,20.2
22-06-2024 23:00,23,3,173,FALSE,-0.258819045,0.965925826,0.433883739,-0.900968868,FALSE,21.9,61.4,0,2.52,14.2,Sunny,20.3
23-06-2024 00:00,0,4,174,FALSE,0,1,-0.433883739,-0.900968868,FALSE,23,65,0,2.55,16,Rainy,21.4
23-06-2024 01:00,1,4,174,FALSE,0.258819045,0.965925826,-0.433883739,-0.900968868,FALSE,24.2,60.3,0,2.55,16.3,Sunny,22.1
23-06-2024 02:00,2,4,174,FALSE,0.5,0.866025404,-0.433883739,-0.900968868,FALSE,25.6,63.1,0,2.44,18.2,Sunny,23.3
23-06-2024 03:00,3,4,174,FALSE,0.707106781,0.707106781,-0.433883739,-0.900968868,FALSE,27.3,71.2,0,2.11,21.5,Cloudy,25.3
23-06-2024 04:00,4,4,174,FALSE,0.866025404,0.5,-0.433883739,-0.900968868,FALSE,29.1,64.3,0,1.98,22,Cloudy,26.2
23-06-2024 05:00,5,4,174,FALSE,0.965925826,0.258819045,-0.433883739,-0.900968868,FALSE,30.9,57.4,0,2.17,22.4,Cloudy,27.1
23-06-2024 06:00,6,4,174,FALSE,1,6.12E-17,-0.433883739,-0.900968868,TRUE,32.6,64.2,18.3,2.34,24,Sunny,29
23-06-2024 07:00,7,4,174,FALSE,0.965925826,-0.258819045,-0.433883739,-0.900968868,TRUE,34.1,55.4,46.4,3.65,24,Cloudy,29.3
23-06-2024 08:00,8,4,174,FALSE,0.866025404,-0.5,-0.433883739,-0.900968868,TRUE,35.2,46.7,114.7,3.47,24,Cloudy,29.1
23-06-2024 09:00,9,4,174,FALSE,0.707106781,-0.707106781,-0.433883739,-0.900968868,TRUE,35.9,51.5,252.5,1,24,Sunny,30.2
23-06-2024 10:00,10,4,174,FALSE,0.5,-0.866025404,-0.433883739,-0.900968868,TRUE,36.1,47.1,401.9,4.02,24,Sunny,29.8
23-06-2024 11:00,11,4,174,FALSE,0.258819045,-0.965925826,-0.433883739,-0.900968868,TRUE,35.9,54.8,604.7,3.86,24,Sunny,30.6
23-06-2024 12:00,12,4,174,FALSE,1.22E-16,-1,-0.433883739,-0.900968868,TRUE,35.2,57,813.5,3.85,24,Sunny,30.3
23-06-2024 13:00,13,4,174,FALSE,-0.258819045,-0.965925826,-0.433883739,-0.900968868,TRUE,34.1,65.8,956.8,3.66,24,Cloudy,30.4
23-06-2024 14:00,14,4,174,FALSE,-0.5,-0.866025404,-0.433883739,-0.900968868,TRUE,32.6,59.8,845.8,4.9,24,Sunny,28.6
23-06-2024 15:00,15,4,174,FALSE,-0.707106781,-0.707106781,-0.433883739,-0.900968868,TRUE,30.9,58,675.5,4.72,22.5,Rainy,27.1
23-06-2024 16:00,16,4,174,FALSE,-0.866025404,-0.5,-0.433883739,-0.900968868,TRUE,29.1,64.1,445.6,3.25,21.9,Sunny,26.2
23-06-2024 17:00,17,4,174,FALSE,-0.965925826,-0.258819045,-0.433883739,-0.900968868,TRUE,27.3,49.8,250.3,4.03,17.3,Sunny,23.8
23-06-2024 18:00,18,4,174,FALSE,-1,-1.84E-16,-0.433883739,-0.900968868,TRUE,25.6,62.9,112.4,2.72,18.2,Sunny,23.3
23-06-2024 19:00,19,4,174,FALSE,-0.965925826,0.258819045,-0.433883739,-0.900968868,FALSE,24.2,66.3,0,2.16,17.5,Sunny,22.4
23-06-2024 20:00,20,4,174,FALSE,-0.866025404,0.5,-0.433883739,-0.900968868,FALSE,23,55.6,0,2.5,14.1,Cloudy,20.9
23-06-2024 21:00,21,4,174,FALSE,-0.707106781,0.707106781,-0.433883739,-0.900968868,FALSE,22.3,69.1,0,3.43,16.1,Cloudy,21
23-06-2024 22:00,22,4,174,FALSE,-0.5,0.866025404,-0.433883739,-0.900968868,FALSE,22.1,65.1,0,3.26,15.1,Sunny,20.6
23-06-2024 23:00,23,4,174,FALSE,-0.258819045,0.965925826,-0.433883739,-0.900968868,FALSE,22.3,61.3,0,2.7,14.6,Sunny,20.6
24-06-2024 00:00,0,5,175,TRUE,0,1,-0.974927912,-0.222520934,FALSE,20.8,67.3,0,2.71,14.3,Sunny,19.7
24-06-2024 01:00,1,5,175,TRUE,0.258819045,0.965925826,-0.974927912,-0.222520934,FALSE,21.9,74.9,0,2.45,16.9,Cloudy,20.9
24-06-2024 02:00,2,5,175,TRUE,0.5,0.866025404,-0.974927912,-0.222520934,FALSE,23.4,63.7,0,1.49,16.1,Sunny,21.6
24-06-2024 03:00,3,5,175,TRUE,0.707106781,0.707106781,-0.974927912,-0.222520934,FALSE,25.1,63.2,0,2.38,17.7,Sunny,23
24-06-2024 04:00,4,5,175,TRUE,0.866025404,0.5,-0.974927912,-0.222520934,FALSE,26.9,58.8,0,2.77,18.7,Cloudy,24.1
24-06-2024 05:00,5,5,175,TRUE,0.965925826,0.258819045,-0.974927912,-0.222520934,FALSE,28.7,55.9,0,2.9,19.9,Rainy,25.3
24-06-2024 06:00,6,5,175,TRUE,1,6.12E-17,-0.974927912,-0.222520934,TRUE,30.4,63.5,18.2,3.45,23.1,Sunny,27.2
24-06-2024 07:00,7,5,175,TRUE,0.965925826,-0.258819045,-0.974927912,-0.222520934,TRUE,31.8,54.3,46.6,3.31,22.7,Sunny,27.5
24-06-2024 08:00,8,5,175,TRUE,0.866025404,-0.5,-0.974927912,-0.222520934,TRUE,32.9,58.4,118.6,7.04,24,Cloudy,28.7
24-06-2024 09:00,9,5,175,TRUE,0.707106781,-0.707106781,-0.974927912,-0.222520934,TRUE,33.6,55.3,222.3,4.11,24,Cloudy,28.9
24-06-2024 10:00,10,5,175,TRUE,0.5,-0.866025404,-0.974927912,-0.222520934,TRUE,33.9,59.9,438.8,3.48,24,Sunny,29.6
24-06-2024 11:00,11,5,175,TRUE,0.258819045,-0.965925826,-0.974927912,-0.222520934,TRUE,33.6,59.4,591.1,3,24,Rainy,29.3
24-06-2024 12:00,12,5,175,TRUE,1.22E-16,-1,-0.974927912,-0.222520934,TRUE,32.9,63.2,817.1,3.74,24,Cloudy,29.2
24-06-2024 13:00,13,5,175,TRUE,-0.258819045,-0.965925826,-0.974927912,-0.222520934,TRUE,31.8,56,950,3.37,23,Sunny,27.6
24-06-2024 14:00,14,5,175,TRUE,-0.5,-0.866025404,-0.974927912,-0.222520934,TRUE,30.4,58,874.6,3.46,22,Sunny,26.7
24-06-2024 15:00,15,5,175,TRUE,-0.707106781,-0.707106781,-0.974927912,-0.222520934,TRUE,28.7,55.3,627.4,3.85,19.8,Sunny,25.2
24-06-2024 16:00,16,5,175,TRUE,-0.866025404,-0.5,-0.974927912,-0.222520934,TRUE,26.9,58.8,452.5,3.23,18.7,Cloudy,24.1
24-06-2024 17:00,17,5,175,TRUE,-0.965925826,-0.258819045,-0.974927912,-0.222520934,TRUE,25.1,63.8,258,3.46,17.9,Sunny,23
24-06-2024 18:00,18,5,175,TRUE,-1,-1.84E-16,-0.974927912,-0.222520934,TRUE,23.4,66.6,116.3,1.99,16.7,Cloudy,21.8
24-06-2024 19:00,19,5,175,TRUE,-0.965925826,0.258819045,-0.974927912,-0.222520934,FALSE,21.9,58.9,0,3.43,14,Cloudy,20.2
24-06-2024 20:00,20,5,175,TRUE,-0.866025404,0.5,-0.974927912,-0.222520934,FALSE,20.8,68.4,0,3,14.5,Sunny,19.7
24-06-2024 21:00,21,5,175,TRUE,-0.707106781,0.707106781,-0.974927912,-0.222520934,FALSE,20.1,71.2,0,2.09,14.3,Cloudy,19.2
24-06-2024 22:00,22,5,175,TRUE,-0.5,0.866025404,-0.974927912,-0.222520934,FALSE,19.9,66.6,0,3.03,14,Rainy,18.9
24-06-2024 23:00,23,5,175,TRUE,-0.258819045,0.965925826,-0.974927912,-0.222520934,FALSE,20.1,73.8,0,3.04,14.9,Sunny,19.3
25-06-2024 00:00,0,6,176,TRUE,0,1,-0.781831482,0.623489802,FALSE,22.1,59.6,0,1,14,Sunny,20.4
25-06-2024 01:00,1,6,176,TRUE,0.258819045,0.965925826,-0.781831482,0.623489802,FALSE,23.2,56.7,0,1.42,14.5,Sunny,21.1
25-06-2024 02:00,2,6,176,TRUE,0.5,0.866025404,-0.781831482,0.623489802,FALSE,24.7,53.3,0,1.38,15.4,Cloudy,22.1
25-06-2024 03:00,3,6,176,TRUE,0.707106781,0.707106781,-0.781831482,0.623489802,FALSE,26.4,68.8,0,1.28,20.2,Rainy,24.4
25-06-2024 04:00,4,6,176,TRUE,0.866025404,0.5,-0.781831482,0.623489802,FALSE,28.2,63.7,0,2.8,20.9,Sunny,25.5
25-06-2024 05:00,5,6,176,TRUE,0.965925826,0.258819045,-0.781831482,0.623489802,FALSE,30,59.2,0,2.14,21.8,Cloudy,26.5
25-06-2024 06:00,6,6,176,TRUE,1,6.12E-17,-0.781831482,0.623489802,TRUE,31.7,60,16.4,2.29,23.7,Sunny,27.9
25-06-2024 07:00,7,6,176,TRUE,0.965925826,-0.258819045,-0.781831482,0.623489802,TRUE,33.1,52.3,49.7,1.14,23.6,Sunny,28.2
25-06-2024 08:00,8,6,176,TRUE,0.866025404,-0.5,-0.781831482,0.623489802,TRUE,34.2,69.6,121.8,3.51,24,Sunny,30.9
25-06-2024 09:00,9,6,176,TRUE,0.707106781,-0.707106781,-0.781831482,0.623489802,TRUE,34.9,57.7,257,5.91,24,Sunny,30.2
25-06-2024 10:00,10,6,176,TRUE,0.5,-0.866025404,-0.781831482,0.623489802,TRUE,35.2,57.4,434.8,3.55,24,Sunny,30.3
25-06-2024 11:00,11,6,176,TRUE,0.258819045,-0.965925826,-0.781831482,0.623489802,TRUE,34.9,60.7,682.7,3.93,24,Sunny,30.5
25-06-2024 12:00,12,6,176,TRUE,1.22E-16,-1,-0.781831482,0.623489802,TRUE,34.2,59.8,798.1,4.95,24,Sunny,29.8
25-06-2024 13:00,13,6,176,TRUE,-0.258819045,-0.965925826,-0.781831482,0.623489802,TRUE,33.1,59.1,794,2.92,24,Rainy,28.9
25-06-2024 14:00,14,6,176,TRUE,-0.5,-0.866025404,-0.781831482,0.623489802,TRUE,31.7,54.7,734.4,1.58,22.6,Sunny,27.4
25-06-2024 15:00,15,6,176,TRUE,-0.707106781,-0.707106781,-0.781831482,0.623489802,TRUE,30,61.9,596.8,4.11,22.4,Sunny,26.8
25-06-2024 16:00,16,6,176,TRUE,-0.866025404,-0.5,-0.781831482,0.623489802,TRUE,28.2,69.8,460.9,5.31,22.2,Sunny,25.9
25-06-2024 17:00,17,6,176,TRUE,-0.965925826,-0.258819045,-0.781831482,0.623489802,TRUE,26.4,68,245.7,4.7,20,Cloudy,24.3
25-06-2024 18:00,18,6,176,TRUE,-1,-1.84E-16,-0.781831482,0.623489802,TRUE,24.7,70.1,118,3.67,18.7,Sunny,23
25-06-2024 19:00,19,6,176,TRUE,-0.965925826,0.258819045,-0.781831482,0.623489802,FALSE,23.2,60.3,0,2.87,15.3,Sunny,21.3
25-06-2024 20:00,20,6,176,TRUE,-0.866025404,0.5,-0.781831482,0.623489802,FALSE,22.1,58.5,0,3.65,14,Rainy,20.4
25-06-2024 21:00,21,6,176,TRUE,-0.707106781,0.707106781,-0.781831482,0.623489802,FALSE,21.4,63.2,0,1.96,14,Sunny,20
25-06-2024 22:00,22,6,176,TRUE,-0.5,0.866025404,-0.781831482,0.623489802,FALSE,21.2,64.2,0,2.88,14,Sunny,19.9
25-06-2024 23:00,23,6,176,TRUE,-0.258819045,0.965925826,-0.781831482,0.623489802,FALSE,21.4,69.3,0,2.7,15.3,Cloudy,20.2
26-06-2024 00:00,0,0,177,FALSE,0,1,0,1,FALSE,23.1,54.5,0,2.98,14,Sunny,20.9
26-06-2024 01:00,1,0,177,FALSE,0.258819045,0.965925826,0,1,FALSE,24.2,70,0,4.24,18.2,Sunny,22.6
26-06-2024 02:00,2,0,177,FALSE,0.5,0.866025404,0,1,FALSE,25.7,60.9,0,2.31,17.9,Sunny,23.3
26-06-2024 03:00,3,0,177,FALSE,0.707106781,0.707106781,0,1,FALSE,27.4,58.7,0,1.63,19.1,Sunny,24.5
26-06-2024 04:00,4,0,177,FALSE,0.866025404,0.5,0,1,FALSE,29.2,54.8,0,4.37,20.2,Sunny,25.5
26-06-2024 05:00,5,0,177,FALSE,0.965925826,0.258819045,0,1,FALSE,31,50.7,0,1,21.1,Hazy,26.5
26-06-2024 06:00,6,0,177,FALSE,1,6.12E-17,0,1,TRUE,32.7,62.3,15.3,1.94,24,Sunny,28.9
26-06-2024 07:00,7,0,177,FALSE,0.965925826,-0.258819045,0,1,TRUE,34.1,57.8,48.4,2.41,24,Sunny,29.6
26-06-2024 08:00,8,0,177,FALSE,0.866025404,-0.5,0,1,TRUE,35.2,50.5,124.1,2.58,24,Cloudy,29.6
26-06-2024 09:00,9,0,177,FALSE,0.707106781,-0.707106781,0,1,TRUE,35.9,50.1,225.3,3.38,24,Sunny,30
26-06-2024 10:00,10,0,177,FALSE,0.5,-0.866025404,0,1,TRUE,36.2,54.7,483.8,2.84,24,Sunny,30.8
26-06-2024 11:00,11,0,177,FALSE,0.258819045,-0.965925826,0,1,TRUE,35.9,64.9,691.4,4.6,24,Cloudy,31.8
26-06-2024 12:00,12,0,177,FALSE,1.22E-16,-1,0,1,TRUE,35.2,55.6,768.6,3.87,24,Cloudy,30.1
26-06-2024 13:00,13,0,177,FALSE,-0.258819045,-0.965925826,0,1,TRUE,34.1,49.9,888.6,3.96,24,Sunny,28.7
26-06-2024 14:00,14,0,177,FALSE,-0.5,-0.866025404,0,1,TRUE,32.7,56.9,746.4,3.74,24,Rainy,28.4
26-06-2024 15:00,15,0,177,FALSE,-0.707106781,-0.707106781,0,1,TRUE,31,57.6,674,4.09,22.5,Sunny,27.2
26-06-2024 16:00,16,0,177,FALSE,-0.866025404,-0.5,0,1,TRUE,29.2,46.4,435.8,4.53,18.5,Sunny,24.9
26-06-2024 17:00,17,0,177,FALSE,-0.965925826,-0.258819045,0,1,TRUE,27.4,60.5,252.8,3.01,19.5,Cloudy,24.6
26-06-2024 18:00,18,0,177,FALSE,-1,-1.84E-16,0,1,TRUE,25.7,60.5,112,2.97,17.8,Sunny,23.3
26-06-2024 19:00,19,0,177,FALSE,-0.965925826,0.258819045,0,1,FALSE,24.2,65.9,0,3.02,17.4,Sunny,22.4
26-06-2024 20:00,20,0,177,FALSE,-0.866025404,0.5,0,1,FALSE,23.1,72.2,0,1.92,17.5,Sunny,21.8
26-06-2024 21:00,21,0,177,FALSE,-0.707106781,0.707106781,0,1,FALSE,22.4,68.9,0,2.09,16.2,Sunny,21
26-06-2024 22:00,22,0,177,FALSE,-0.5,0.866025404,0,1,FALSE,22.2,62.1,0,2.12,14.6,Sunny,20.6
26-06-2024 23:00,23,0,177,FALSE,-0.258819045,0.965925826,0,1,FALSE,22.4,57.8,0,2.99,14,Rainy,20.6
27-06-2024 00:00,0,1,178,FALSE,0,1,0.781831482,0.623489802,FALSE,21.2,76.8,0,2.34,16.6,Sunny,20.3
27-06-2024 01:00,1,1,178,FALSE,0.258819045,0.965925826,0.781831482,0.623489802,FALSE,22.3,63.6,0,2.19,15,Cloudy,20.7
27-06-2024 02:00,2,1,178,FALSE,0.5,0.866025404,0.781831482,0.623489802,FALSE,23.8,62.7,0,2.68,16.3,Sunny,21.9
27-06-2024 03:00,3,1,178,FALSE,0.707106781,0.707106781,0.781831482,0.623489802,FALSE,25.5,61.6,0,1.92,17.8,Cloudy,23.2
27-06-2024 04:00,4,1,178,FALSE,0.866025404,0.5,0.781831482,0.623489802,FALSE,27.3,61.8,0,2.45,19.7,Cloudy,24.6
27-06-2024 05:00,5,1,178,FALSE,0.965925826,0.258819045,0.781831482,0.623489802,FALSE,29.1,59.2,0,2.21,20.9,Hazy,25.8
27-06-2024 06:00,6,1,178,FALSE,1,6.12E-17,0.781831482,0.623489802,TRUE,30.8,56.2,16.3,2.71,22,Sunny,26.9
27-06-2024 07:00,7,1,178,FALSE,0.965925826,-0.258819045,0.781831482,0.623489802,TRUE,32.2,55.7,48.3,2.27,23.3,Sunny,27.9
27-06-2024 08:00,8,1,178,FALSE,0.866025404,-0.5,0.781831482,0.623489802,TRUE,33.3,57.7,126.2,1.05,24,Sunny,28.9
27-06-2024 09:00,9,1,178,FALSE,0.707106781,-0.707106781,0.781831482,0.623489802,TRUE,34,54.8,230.3,3.15,24,Cloudy,29.2
27-06-2024 10:00,10,1,178,FALSE,0.5,-0.866025404,0.781831482,0.623489802,TRUE,34.3,53.8,387.2,4.64,24,Cloudy,29.3
27-06-2024 11:00,11,1,178,FALSE,0.258819045,-0.965925826,0.781831482,0.623489802,TRUE,34,58,563.1,4.45,24,Sunny,29.5
27-06-2024 12:00,12,1,178,FALSE,1.22E-16,-1,0.781831482,0.623489802,TRUE,33.3,56.6,801.8,4.64,24,Sunny,28.8
27-06-2024 13:00,13,1,178,FALSE,-0.258819045,-0.965925826,0.781831482,0.623489802,TRUE,32.2,65.9,848.5,4.95,24,Sunny,28.9
27-06-2024 14:00,14,1,178,FALSE,-0.5,-0.866025404,0.781831482,0.623489802,TRUE,30.8,45.8,759.5,4.07,20,Cloudy,25.9
27-06-2024 15:00,15,1,178,FALSE,-0.707106781,-0.707106781,0.781831482,0.623489802,TRUE,29.1,65.4,654.8,4.12,22.2,Sunny,26.3
27-06-2024 16:00,16,1,178,FALSE,-0.866025404,-0.5,0.781831482,0.623489802,TRUE,27.3,67.1,415,3.37,20.7,Cloudy,25
27-06-2024 17:00,17,1,178,FALSE,-0.965925826,-0.258819045,0.781831482,0.623489802,TRUE,25.5,51.4,242.6,3.45,15.8,Rainy,22.6
27-06-2024 18:00,18,1,178,FALSE,-1,-1.84E-16,0.781831482,0.623489802,TRUE,23.8,60.9,121.8,3.99,16,Sunny,21.8
27-06-2024 19:00,19,1,178,FALSE,-0.965925826,0.258819045,0.781831482,0.623489802,FALSE,22.3,61.5,0,7.62,14.6,Sunny,20.6
27-06-2024 20:00,20,1,178,FALSE,-0.866025404,0.5,0.781831482,0.623489802,FALSE,21.2,56.9,0,2.89,14,Sunny,19.6
27-06-2024 21:00,21,1,178,FALSE,-0.707106781,0.707106781,0.781831482,0.623489802,FALSE,20.5,60.4,0,2.38,14,Sunny,19.2
27-06-2024 22:00,22,1,178,FALSE,-0.5,0.866025404,0.781831482,0.623489802,FALSE,20.3,58.8,0,2.5,14,Sunny,19
27-06-2024 23:00,23,1,178,FALSE,-0.258819045,0.965925826,0.781831482,0.623489802,FALSE,20.5,73,0,2.77,15.1,Sunny,19.6
28-06-2024 00:00,0,2,179,FALSE,0,1,0.974927912,-0.222520934,FALSE,23.5,67.4,0,1,17,Cloudy,21.9
28-06-2024 01:00,1,2,179,FALSE,0.258819045,0.965925826,0.974927912,-0.222520934,FALSE,24.6,68.6,0,1,18.3,Sunny,22.9
28-06-2024 02:00,2,2,179,FALSE,0.5,0.866025404,0.974927912,-0.222520934,FALSE,26.1,65.1,0,1.56,19.1,Sunny,23.9
28-06-2024 03:00,3,2,179,FALSE,0.707106781,0.707106781,0.974927912,-0.222520934,FALSE,27.8,55,0,1.06,18.8,Rainy,24.5
28-06-2024 04:00,4,2,179,FALSE,0.866025404,0.5,0.974927912,-0.222520934,FALSE,29.6,57.1,0,1.73,21,Cloudy,26
28-06-2024 05:00,5,2,179,FALSE,0.965925826,0.258819045,0.974927912,-0.222520934,FALSE,31.4,61.2,0,2.17,23.6,Sunny,27.8
28-06-2024 06:00,6,2,179,FALSE,1,6.12E-17,0.974927912,-0.222520934,TRUE,33.1,51.8,16.9,2.14,23.5,Sunny,28.2
28-06-2024 07:00,7,2,179,FALSE,0.965925826,-0.258819045,0.974927912,-0.222520934,TRUE,34.5,60.8,46.9,3.9,24,Sunny,30.2
28-06-2024 08:00,8,2,179,FALSE,0.866025404,-0.5,0.974927912,-0.222520934,TRUE,35.6,55.5,118.1,3.26,24,Cloudy,30.4
28-06-2024 09:00,9,2,179,FALSE,0.707106781,-0.707106781,0.974927912,-0.222520934,TRUE,36.3,54.5,246.5,3.5,24,Cloudy,30.8
28-06-2024 10:00,10,2,179,FALSE,0.5,-0.866025404,0.974927912,-0.222520934,TRUE,36.6,59.8,437.3,4,24,Cloudy,31.7
28-06-2024 11:00,11,2,179,FALSE,0.258819045,-0.965925826,0.974927912,-0.222520934,TRUE,36.3,58.6,603,2.8,24,Sunny,31.3
28-06-2024 12:00,12,2,179,FALSE,1.22E-16,-1,0.974927912,-0.222520934,TRUE,35.6,54.9,850.7,4.7,24,Cloudy,30.4
28-06-2024 13:00,13,2,179,FALSE,-0.258819045,-0.965925826,0.974927912,-0.222520934,TRUE,34.5,63,962.9,3.91,24,Sunny,30.4
28-06-2024 14:00,14,2,179,FALSE,-0.5,-0.866025404,0.974927912,-0.222520934,TRUE,33.1,52.5,846.7,4.54,23.6,Sunny,28.2
28-06-2024 15:00,15,2,179,FALSE,-0.707106781,-0.707106781,0.974927912,-0.222520934,TRUE,31.4,61.9,617.6,3.11,23.8,Sunny,27.9
28-06-2024 16:00,16,2,179,FALSE,-0.866025404,-0.5,0.974927912,-0.222520934,TRUE,29.6,62.7,450.2,2.62,22.1,Sunny,26.5
28-06-2024 17:00,17,2,179,FALSE,-0.965925826,-0.258819045,0.974927912,-0.222520934,TRUE,27.8,59.1,248.4,4.36,19.6,Sunny,24.8
28-06-2024 18:00,18,2,179,FALSE,-1,-1.84E-16,0.974927912,-0.222520934,TRUE,26.1,63.1,119.8,3.8,18.7,Cloudy,23.7
28-06-2024 19:00,19,2,179,FALSE,-0.965925826,0.258819045,0.974927912,-0.222520934,FALSE,24.6,55.9,0,2.54,15.8,Rainy,22.2
28-06-2024 20:00,20,2,179,FALSE,-0.866025404,0.5,0.974927912,-0.222520934,FALSE,23.5,67.4,0,2.3,17,Sunny,21.9
28-06-2024 21:00,21,2,179,FALSE,-0.707106781,0.707106781,0.974927912,-0.222520934,FALSE,22.8,62.2,0,3.64,15.2,Sunny,21.1
28-06-2024 22:00,22,2,179,FALSE,-0.5,0.866025404,0.974927912,-0.222520934,FALSE,22.6,60.6,0,1.55,14.7,Sunny,20.8
28-06-2024 23:00,23,2,179,FALSE,-0.258819045,0.965925826,0.974927912,-0.222520934,FALSE,22.8,68.3,0,3.61,16.5,Sunny,21.4
29-06-2024 00:00,0,3,180,FALSE,0,1,0.433883739,-0.900968868,FALSE,22,60,0,1.41,14,Sunny,20.4
29-06-2024 01:00,1,3,180,FALSE,0.258819045,0.965925826,0.433883739,-0.900968868,FALSE,23.1,55.9,0,2.54,14.3,Rainy,21
29-06-2024 02:00,2,3,180,FALSE,0.5,0.866025404,0.433883739,-0.900968868,FALSE,24.6,54.4,0,1.74,15.5,Sunny,22.1
29-06-2024 03:00,3,3,180,FALSE,0.707106781,0.707106781,0.433883739,-0.900968868,FALSE,26.3,64.4,0,2.52,19.2,Sunny,24
29-06-2024 04:00,4,3,180,FALSE,0.866025404,0.5,0.433883739,-0.900968868,FALSE,28.1,54,0,1.7,18.9,Sunny,24.7
29-06-2024 05:00,5,3,180,FALSE,0.965925826,0.258819045,0.433883739,-0.900968868,FALSE,29.9,68.3,0,2.16,23.6,Cloudy,27.2
29-06-2024 06:00,6,3,180,FALSE,1,6.12E-17,0.433883739,-0.900968868,TRUE,31.6,48.3,16,2.53,21.3,Cloudy,26.7
29-06-2024 07:00,7,3,180,FALSE,0.965925826,-0.258819045,0.433883739,-0.900968868,TRUE,33,66.5,45.7,1.94,24,Rainy,29.6
29-06-2024 08:00,8,3,180,FALSE,0.866025404,-0.5,0.433883739,-0.900968868,TRUE,34.2,58.5,111.1,3.59,24,Cloudy,29.7
29-06-2024 09:00,9,3,180,FALSE,0.707106781,-0.707106781,0.433883739,-0.900968868,TRUE,34.9,56.6,247.4,2.85,24,Sunny,30
29-06-2024 10:00,10,3,180,FALSE,0.5,-0.866025404,0.433883739,-0.900968868,TRUE,35.1,54.2,391.7,3.32,24,Sunny,29.9
29-06-2024 11:00,11,3,180,FALSE,0.258819045,-0.965925826,0.433883739,-0.900968868,TRUE,34.9,59,606.7,2.91,24,Cloudy,30.3
29-06-2024 12:00,12,3,180,FALSE,1.22E-16,-1,0.433883739,-0.900968868,TRUE,34.2,57.2,809.5,1.82,24,Sunny,29.6
29-06-2024 13:00,13,3,180,FALSE,-0.258819045,-0.965925826,0.433883739,-0.900968868,TRUE,33,63.5,828.9,3.81,24,Sunny,29.3
29-06-2024 14:00,14,3,180,FALSE,-0.5,-0.866025404,0.433883739,-0.900968868,TRUE,31.6,59.3,853.6,5.93,23.5,Sunny,27.8
29-06-2024 15:00,15,3,180,FALSE,-0.707106781,-0.707106781,0.433883739,-0.900968868,TRUE,29.9,60.3,610.9,4.59,22,Sunny,26.5
29-06-2024 16:00,16,3,180,FALSE,-0.866025404,-0.5,0.433883739,-0.900968868,TRUE,28.1,58.6,431.3,3.85,19.8,Sunny,25
29-06-2024 17:00,17,3,180,FALSE,-0.965925826,-0.258819045,0.433883739,-0.900968868,TRUE,26.3,61.1,253.2,3.5,18.5,Sunny,23.8
29-06-2024 18:00,18,3,180,FALSE,-1,-1.84E-16,0.433883739,-0.900968868,TRUE,24.6,63.7,111.7,3.52,17.3,Cloudy,22.6
29-06-2024 19:00,19,3,180,FALSE,-0.965925826,0.258819045,0.433883739,-0.900968868,FALSE,23.1,54.4,0,3.7,14,Sunny,20.9
29-06-2024 20:00,20,3,180,FALSE,-0.866025404,0.5,0.433883739,-0.900968868,FALSE,22,56.8,0,2.06,14,Sunny,20.2
29-06-2024 21:00,21,3,180,FALSE,-0.707106781,0.707106781,0.433883739,-0.900968868,FALSE,21.3,67.6,0,3.63,14.8,Sunny,20.1
29-06-2024 22:00,22,3,180,FALSE,-0.5,0.866025404,0.433883739,-0.900968868,FALSE,21.1,64.8,0,3.07,14.1,Sunny,19.8
29-06-2024 23:00,23,3,180,FALSE,-0.258819045,0.965925826,0.433883739,-0.900968868,FALSE,21.3,62.9,0,2.87,14,Sunny,19.9
30-06-2024 00:00,0,4,181,FALSE,0,1,-0.433883739,-0.900968868,FALSE,22.5,63.3,0,2.48,15.2,Sunny,20.9
30-06-2024 01:00,1,4,181,FALSE,0.258819045,0.965925826,-0.433883739,-0.900968868,FALSE,23.6,64.4,0,2.05,16.5,Sunny,21.8
30-06-2024 02:00,2,4,181,FALSE,0.5,0.866025404,-0.433883739,-0.900968868,FALSE,25.1,59.3,0,2.54,17,Sunny,22.7
30-06-2024 03:00,3,4,181,FALSE,0.707106781,0.707106781,-0.433883739,-0.900968868,FALSE,26.8,57.2,0,2.51,18.2,Sunny,23.9
30-06-2024 04:00,4,4,181,FALSE,0.866025404,0.5,-0.433883739,-0.900968868,FALSE,28.6,61.2,0,1.85,20.8,Sunny,25.6
30-06-2024 05:00,5,4,181,FALSE,0.965925826,0.258819045,-0.433883739,-0.900968868,FALSE,30.4,54.4,0,1.83,21.3,Sunny,26.4
30-06-2024 06:00,6,4,181,FALSE,1,6.12E-17,-0.433883739,-0.900968868,TRUE,32.1,60.5,20,2.58,24,Sunny,28.3
30-06-2024 07:00,7,4,181,FALSE,0.965925826,-0.258819045,-0.433883739,-0.900968868,TRUE,33.5,49.2,52.1,3.98,23.3,Sunny,28.2
30-06-2024 08:00,8,4,181,FALSE,0.866025404,-0.5,-0.433883739,-0.900968868,TRUE,34.6,62.3,124.4,2.01,24,Cloudy,30.4
30-06-2024 09:00,9,4,181,FALSE,0.707106781,-0.707106781,-0.433883739,-0.900968868,TRUE,35.3,59.2,269.1,2.08,24,Sunny,30.6
30-06-2024 10:00,10,4,181,FALSE,0.5,-0.866025404,-0.433883739,-0.900968868,TRUE,35.6,58,445.6,3.63,24,Sunny,30.7
30-06-2024 11:00,11,4,181,FALSE,0.258819045,-0.965925826,-0.433883739,-0.900968868,TRUE,35.3,61.8,674.5,3.75,24,Sunny,30.9
30-06-2024 12:00,12,4,181,FALSE,1.22E-16,-1,-0.433883739,-0.900968868,TRUE,34.6,65.5,754.4,4,24,Cloudy,30.8
30-06-2024 13:00,13,4,181,FALSE,-0.258819045,-0.965925826,-0.433883739,-0.900968868,TRUE,33.5,62.8,841.4,4.16,24,Cloudy,29.6
30-06-2024 14:00,14,4,181,FALSE,-0.5,-0.866025404,-0.433883739,-0.900968868,TRUE,32.1,49.2,774.8,3.82,21.9,Cloudy,27.2
30-06-2024 15:00,15,4,181,FALSE,-0.707106781,-0.707106781,-0.433883739,-0.900968868,TRUE,30.4,52.9,673.4,5.16,21,Cloudy,26.3
30-06-2024 16:00,16,4,181,FALSE,-0.866025404,-0.5,-0.433883739,-0.900968868,TRUE,28.6,57.1,434,2.59,20,Sunny,25.3
30-06-2024 17:00,17,4,181,FALSE,-0.965925826,-0.258819045,-0.433883739,-0.900968868,TRUE,26.8,61.2,265.7,3.04,19,Cloudy,24.2
30-06-2024 18:00,18,4,181,FALSE,-1,-1.84E-16,-0.433883739,-0.900968868,TRUE,25.1,64.5,123.3,3.42,18,Sunny,23
30-06-2024 19:00,19,4,181,FALSE,-0.965925826,0.258819045,-0.433883739,-0.900968868,FALSE,23.6,59.1,0,1.94,15.4,Sunny,21.6
30-06-2024 20:00,20,4,181,FALSE,-0.866025404,0.5,-0.433883739,-0.900968868,FALSE,22.5,64.2,0,2.86,15.3,Sunny,20.9
30-06-2024 21:00,21,4,181,FALSE,-0.707106781,0.707106781,-0.433883739,-0.900968868,FALSE,21.8,59.8,0,4.07,14,Sunny,20.2
30-06-2024 22:00,22,4,181,FALSE,-0.5,0.866025404,-0.433883739,-0.900968868,FALSE,21.6,60.6,0,2.52,14,Rainy,20.1
30-06-2024 23:00,23,4,181,FALSE,-0.258819045,0.965925826,-0.433883739,-0.900968868,FALSE,21.8,56.6,0,2.48,14,Sunny,20.1
